id,geo_level,geo_code,parent_level,parent_code,version,name,long_name,square_kms
1,continent,AFR,,,2009,Africa,Africa,
2,country,NG,continent,AFR,2009,Nigeria,Nigeria,923768
3,country,SN,continent,AFR,2009,Senegal,Senegal,196712
4,country,TZ,continent,AFR,2009,Tanzania,Tanzania,945087
5,level1,NG_1_006,country,NG,2009,Bayelsa,Bayelsa,10773
6,level1,NG_1_007,country,NG,2009,Benue,Benue,34059
7,level1,NG_1_008,country,NG,2009,Borno,Borno,70898
8,level1,NG_1_009,country,NG,2009,Cross River,Cross River,20156
9,level1,NG_1_010,country,NG,2009,Delta,Delta,17698
10,level1,NG_1_011,country,NG,2009,Ebonyi,Ebonyi,5670
11,level1,NG_1_012,country,NG,2009,Edo,Edo,17802
12,level1,NG_1_013,country,NG,2009,Ekiti,Ekiti,6353
13,level1,NG_1_014,country,NG,2009,Enugu,Enugu,7161
14,level1,NG_1_015,country,NG,2009,Federal Capital Territory,Federal Capital Territory,7315
15,level1,NG_1_016,country,NG,2009,Gombe,Gombe,18768
16,level1,NG_1_017,country,NG,2009,Imo,Imo,5530
17,level1,NG_1_018,country,NG,2009,Jigawa,Jigawa,23154
18,level1,NG_1_019,country,NG,2009,Kaduna,Kaduna,46053
19,level1,NG_1_020,country,NG,2009,Kano,Kano,20131
20,level1,NG_1_021,country,NG,2009,Katsina,Katsina,24192
21,level1,NG_1_022,country,NG,2009,Kebbi,Kebbi,36800
22,level1,NG_1_023,country,NG,2009,Kogi,Kogi,29833
23,level1,NG_1_024,country,NG,2009,Kwara,Kwara,36825
24,level1,NG_1_025,country,NG,2009,Lagos,Lagos,3345
25,level1,NG_1_026,country,NG,2009,Nasarawa,Nasarawa,27117
26,level1,NG_1_027,country,NG,2009,Niger,Niger,76363
27,level1,NG_1_028,country,NG,2009,Ogun,Ogun,16762
28,level1,NG_1_029,country,NG,2009,Ondo,Ondo,15500
29,level1,NG_1_030,country,NG,2009,Osun,Osun,9251
30,level1,NG_1_031,country,NG,2009,Oyo,Oyo,28454
31,level1,NG_1_032,country,NG,2009,Plateau,Plateau,30913
32,level1,NG_1_033,country,NG,2009,Rivers,Rivers,11077
33,level1,NG_1_034,country,NG,2009,Sokoto,Sokoto,25973
34,level1,NG_1_035,country,NG,2009,Taraba,Taraba,54473
35,level1,NG_1_036,country,NG,2009,Yobe,Yobe,45502
36,level1,NG_1_037,country,NG,2009,Zamfara,Zamfara,39762
37,level1,SN_1_001,country,SN,2009,Dakar,Dakar,547
38,level1,SN_1_002,country,SN,2009,Diourbel,Diourbel,4824
39,level1,SN_1_003,country,SN,2009,Fatick,Fatick,6849
40,level1,SN_1_004,country,SN,2009,Kaffrine,Kaffrine,11262
41,level1,SN_1_005,country,SN,2009,Kaolack,Kaolack,5357
42,level1,SN_1_006,country,SN,2009,Kedougou,Kedougou,16800
43,level1,SN_1_007,country,SN,2009,Kolda,Kolda,13771
44,level1,SN_1_008,country,SN,2009,Louga,Louga,24889
45,level1,SN_1_009,country,SN,2009,Matam,Matam,29445
46,level1,SN_1_010,country,SN,2009,Saint Louis,Saint Louis,19241
47,level1,SN_1_011,country,SN,2009,Sedhiou,Sedhiou,7341
48,level1,SN_1_012,country,SN,2009,Tambacounda,Tambacounda,42364
49,level1,SN_1_013,country,SN,2009,Thies,Thies,6670
50,level1,SN_1_014,country,SN,2009,Ziguinchor,Ziguinchor,7352
51,level1,TZ_1_022,country,TZ,2009,Pwani,Pwani,32407
52,level1,TZ_1_026,country,TZ,2009,Simiyu,Simiyu,2380
53,level1,TZ_1_004,country,TZ,2009,Geita,Geita,20054
54,level1,TZ_1_027,country,TZ,2009,Singida,Singida,49437
55,level1,TZ_1_005,country,TZ,2009,Iringa,Iringa,58936
56,level1,TZ_1_023,country,TZ,2009,Rukwa,Rukwa,75240
57,level1,TZ_1_006,country,TZ,2009,Kagera,Kagera,39627
58,level1,TZ_1_010,country,TZ,2009,Kigoma,Kigoma,45066
59,level1,TZ_1_014,country,TZ,2009,Lindi,Lindi,67000
60,level1,TZ_1_002,country,TZ,2009,Dar es salaam,Dar es salaam,1393
61,level1,TZ_1_003,country,TZ,2009,Dodoma,Dodoma,41311
62,level1,TZ_1_028,country,TZ,2009,Tanga,Tanga,27348
63,level1,TZ_1_019,country,TZ,2009,Mtwara,Mtwara,16707
64,level1,TZ_1_021,country,TZ,2009,Njombe,Njombe,21347
65,level1,TZ_1_029,country,TZ,2009,Tabora,Tabora,76151
66,level1,TZ_1_011,country,TZ,2009,Kilimanjaro,Kilimanjaro,13209
67,level1,TZ_1_025,country,TZ,2009,Shinyanga,Shinyanga,40781
68,level1,TZ_1_016,country,TZ,2009,Mara,Mara,31150
69,level1,TZ_1_024,country,TZ,2009,Ruvuma,Ruvuma,66477
70,level1,TZ_1_020,country,TZ,2009,Mwanza,Mwanza,35187
71,level1,TZ_1_017,country,TZ,2009,Mbeya,Mbeya,62420
72,level1,TZ_1_001,country,TZ,2009,Arusha,Arusha,34516
73,level1,TZ_1_018,country,TZ,2009,Morogoro,Morogoro,73139
74,level1,TZ_1_009,country,TZ,2009,Katavi,Katavi,45843
75,level1,TZ_1_015,country,TZ,2009,Manyara,Manyara,47913
76,level1,TZ_1_012,country,TZ,2009,Kusini Pemba,Kusini Pemba,332
77,level1,TZ_1_008,country,TZ,2009,Kaskazini Unguja,Kaskazini Unguja,470
78,level1,TZ_1_013,country,TZ,2009,Kusini Unguja,Kusini Unguja,854
79,level1,TZ_1_030,country,TZ,2009,Mjini Magharibi,Mjini Magharibi,230
80,level1,TZ_1_007,country,TZ,2009,Kaskazini Pemba,Kaskazini Pemba,574
81,level1,NG_1_001,country,NG,2009,Abia,Abia,6320
82,level1,NG_1_002,country,NG,2009,Adamawa,Adamawa,36917
83,level1,NG_1_003,country,NG,2009,Akwa Ibom,Akwa Ibom,7081
84,level1,NG_1_004,country,NG,2009,Anambra,Anambra,4844
85,level1,NG_1_005,country,NG,2009,Bauchi,Bauchi,45837
86,level1,KE_1_020,country,KE,2009,Kirinyaga,Kirinyaga,1478.3
87,level1,KE_1_021,country,KE,2009,'Murang''a','Murang''a',2524.2
88,level1,KE_1_018,country,KE,2009,Nyandarua,Nyandarua,3285.7
89,level1,KE_1_019,country,KE,2009,Nyeri,Nyeri,3325
90,level1,KE_1_024,country,KE,2009,West Pokot,West Pokot,9123.2
91,level1,KE_1_025,country,KE,2009,Samburu,Samburu,21065.1
92,level1,KE_1_022,country,KE,2009,Kiambu,Kiambu,2538.6
93,level1,KE_1_023,country,KE,2009,Turkana,Turkana,68232.9
94,level1,KE_1_028,country,KE,2009,Elgeyo-Marakwet,Elgeyo-Marakwet,3032
95,level1,KE_1_029,country,KE,2009,Nandi,Nandi,2855.8
96,level1,KE_1_026,country,KE,2009,Trans-Nzoia,Trans-Nzoia,2495.2
97,level1,KE_1_027,country,KE,2009,Uasin Gishu,Uasin Gishu,3392.2
98,level1,KE_1_032,country,KE,2009,Nakuru,Nakuru,7462.4
99,level1,KE_1_033,country,KE,2009,Narok,Narok,17950.3
100,level1,KE_1_030,country,KE,2009,Baringo,Baringo,10976.4
101,level1,KE_1_031,country,KE,2009,Laikipia,Laikipia,9532.2
102,level1,KE_1_036,country,KE,2009,Bomet,Bomet,2530.9
103,level1,KE_1_037,country,KE,2009,Kakamega,Kakamega,3020
104,level1,KE_1_034,country,KE,2009,Kajiado,Kajiado,21871.1
105,level1,KE_1_035,country,KE,2009,Kericho,Kericho,2436.1
106,level1,KE_1_040,country,KE,2009,Busia,Busia,1696.3
107,level1,KE_1_041,country,KE,2009,Siaya,Siaya,2529.8
108,level1,KE_1_038,country,KE,2009,Vihiga,Vihiga,563.8
109,level1,KE_1_039,country,KE,2009,Bungoma,Bungoma,3023.9
110,level1,KE_1_044,country,KE,2009,Migori,Migori,2613.5
111,level1,KE_1_045,country,KE,2009,Kisii,Kisii,1323
112,level1,KE_1_042,country,KE,2009,Kisumu,Kisumu,2085.4
113,level1,KE_1_043,country,KE,2009,Homa Bay,Homa Bay,3152.5
114,level1,KE_1_046,country,KE,2009,Nyamira,Nyamira,897.3
115,level1,KE_1_047,country,KE,2009,Nairobi,Nairobi,703.9
116,country,KE,continent,AFR,2009,Kenya,Kenya,580876.3
117,level1,KE_1_001,country,KE,2009,Mombasa,Mombasa,219.9
118,level1,KE_1_004,country,KE,2009,Tana River,Tana River,37950.5
119,level1,KE_1_005,country,KE,2009,Lamu,Lamu,6253.3
120,level1,KE_1_002,country,KE,2009,Kwale,Kwale,8267.1
121,level1,KE_1_003,country,KE,2009,Kilifi,Kilifi,12539.7
122,level1,KE_1_008,country,KE,2009,Wajir,Wajir,56773.1
123,level1,KE_1_009,country,KE,2009,Mandera,Mandera,25939.8
124,level1,KE_1_006,country,KE,2009,Taita Taveta,Taita Taveta,17152
125,level1,KE_1_007,country,KE,2009,Garissa,Garissa,44736
126,level1,KE_1_012,country,KE,2009,Meru,Meru,7006.3
127,level1,KE_1_013,country,KE,2009,Tharaka-Nithi,Tharaka-Nithi,2564.4
128,level1,KE_1_010,country,KE,2009,Marsabit,Marsabit,70944.1
129,level1,KE_1_011,country,KE,2009,Isiolo,Isiolo,25350.6
130,level1,KE_1_016,country,KE,2009,Machakos,Machakos,6042.7
131,level1,KE_1_017,country,KE,2009,Makueni,Makueni,8169.8
132,level1,KE_1_014,country,KE,2009,Embu,Embu,2820.7
133,level1,KE_1_015,country,KE,2009,Kitui,Kitui,30429.5
134,country,ET,continent,AFR,2009,Ethiopia,Ethiopia,1104000
135,level1,ET_1_001,country,ET,2009,Addis Ababa,Addis Ababa,526.99
136,level1,ET_1_002,country,ET,2009,Afar,Afar,72052.78
137,level1,ET_1_003,country,ET,2009,Amhara,Amhara,154708.96
138,level1,ET_1_004,country,ET,2009,Beneshangul Gumuz,Beneshangul Gumuz,50698.68
139,level1,ET_1_005,country,ET,2009,Dire Dawa,Dire Dawa,1558.61
140,level1,ET_1_006,country,ET,2009,Gambella,Gambella,29782.82
141,level1,ET_1_007,country,ET,2009,Harar,Harar,333.94
142,level1,ET_1_008,country,ET,2009,Oromiya,Oromiya,284537.84
143,level1,ET_1_009,country,ET,2009,SNNPR,SNNPR,105476
144,level1,ET_1_010,country,ET,2009,Somali,Somali,279252
145,level1,ET_1_011,country,ET,2009,Tigray,Tigray,84722
146,country,ZA,continent,AFR,2009,South Africa,South Africa,1229341.489
147,level1,ZA_1_005,country,ZA,2009,KwaZulu-Natal,KwaZulu-Natal,94451.0198
148,level1,ZA_1_004,country,ZA,2009,Free State,Free State,130011.4865
149,level1,ZA_1_002,country,ZA,2009,Eastern Cape,Eastern Cape,169309.8341
150,level1,ZA_1_008,country,ZA,2009,Mpumalanga,Mpumalanga,76544.3039
151,level1,ZA_1_009,country,ZA,2009,Limpopo,Limpopo,125806.0524
152,level1,ZA_1_003,country,ZA,2009,Northern Cape,Northern Cape,378276.6097
153,level1,ZA_1_006,country,ZA,2009,North West,North West,105238.1313
154,level1,ZA_1_001,country,ZA,2009,Western Cape,Western Cape,131521.5591
155,level1,ZA_1_007,country,ZA,2009,Gauteng,Gauteng,18182.4923
156,country,UG,continent,AFR,2009,Uganda,Uganda,241038
157,country,ZM,continent,AFR,2009,Zambia,Zambia,752618
158,country,BF,continent,AFR,2009,Burkina Faso,Burkina Faso,274200
159,country,CD,continent,AFR,2009,Democratic Republic of Congo,Democratic Republic of Congo,2345409
310,level2,NG_2_001001,level1,NG_1_001,2009,Aba North,Aba North,
311,level2,NG_2_001002,level1,NG_1_001,2009,Aba South,Aba South,
312,level2,NG_2_008001,level1,NG_1_008,2009,Abadam,Abadam,
313,level2,NG_2_015001,level1,NG_1_015,2009,Abaji,Abaji,
314,level2,NG_2_003001,level1,NG_1_003,2009,Abak,Abak,
315,level2,NG_2_011001,level1,NG_1_011,2009,Abakaliki,Abakaliki,
316,level2,NG_2_028001,level1,NG_1_028,2009,Abeokuta North,Abeokuta North,
317,level2,NG_2_028002,level1,NG_1_028,2009,Abeokuta South,Abeokuta South,
318,level2,NG_2_009001,level1,NG_1_009,2009,Abi,Abi,
319,level2,NG_2_017001,level1,NG_1_017,2009,Aboh-Mbaise,Aboh-Mbaise,
320,level2,NG_2_033001,level1,NG_1_033,2009,Abua/Odual,Abua/Odual,
321,level2,NG_2_015002,level1,NG_1_015,2009,Abuja Municipal,Abuja Municipal,
322,level2,NG_2_023001,level1,NG_1_023,2009,Adavi,Adavi,
323,level2,NG_2_007001,level1,NG_1_007,2009,Ado,Ado,
324,level2,NG_2_028003,level1,NG_1_028,2009,Ado-Odo/Ota,Ado-Odo/Ota,
325,level2,NG_2_013001,level1,NG_1_013,2009,Ado Ekiti,Ado Ekiti,
326,level2,NG_2_031001,level1,NG_1_031,2009,Afijio,Afijio,
327,level2,NG_2_011002,level1,NG_1_011,2009,Afikpo North,Afikpo North,
328,level2,NG_2_011003,level1,NG_1_011,2009,Afikpo South,Afikpo South,
329,level2,NG_2_027001,level1,NG_1_027,2009,Agaie,Agaie,
330,level2,NG_2_007002,level1,NG_1_007,2009,Agatu,Agatu,
331,level2,NG_2_025001,level1,NG_1_025,2009,Agege,Agege,
332,level2,NG_2_004001,level1,NG_1_004,2009,Aguata,Aguata,
333,level2,NG_2_027002,level1,NG_1_027,2009,Agwara,Agwara,
334,level2,NG_2_017002,level1,NG_1_017,2009,Ahiazu-Mbaise,Ahiazu-Mbaise,
335,level2,NG_2_033002,level1,NG_1_033,2009,Ahoada East,Ahoada East,
336,level2,NG_2_033003,level1,NG_1_033,2009,Ahoada West,Ahoada West,
337,level2,NG_2_030001,level1,NG_1_030,2009,Aiyedade,Aiyedade,
338,level2,NG_2_030002,level1,NG_1_030,2009,Aiyedire,Aiyedire,
339,level2,NG_2_013002,level1,NG_1_013,2009,Aiyekire (Gbonyin),Aiyekire (Gbonyin),
340,level2,NG_2_023002,level1,NG_1_023,2009,Ajaokuta,Ajaokuta,
341,level2,NG_2_025002,level1,NG_1_025,2009,Ajeromi-Ifelodun,Ajeromi-Ifelodun,
342,level2,NG_2_020001,level1,NG_1_020,2009,Ajingi,Ajingi,
343,level2,NG_2_009002,level1,NG_1_009,2009,Akamkpa,Akamkpa,
344,level2,NG_2_031002,level1,NG_1_031,2009,Akinyele,Akinyele,
345,level2,NG_2_016001,level1,NG_1_016,2009,Akko,Akko,
346,level2,NG_2_012001,level1,NG_1_012,2009,Akoko-Edo,Akoko-Edo,
347,level2,NG_2_029001,level1,NG_1_029,2009,Akoko North East,Akoko North East,
348,level2,NG_2_029002,level1,NG_1_029,2009,Akoko North West,Akoko North West,
349,level2,NG_2_029003,level1,NG_1_029,2009,Akoko South East,Akoko South East,
350,level2,NG_2_029004,level1,NG_1_029,2009,Akoko South West,Akoko South West,
351,level2,NG_2_009003,level1,NG_1_009,2009,Akpabuyo,Akpabuyo,
352,level2,NG_2_033004,level1,NG_1_033,2009,Akuku Toru,Akuku Toru,
353,level2,NG_2_029005,level1,NG_1_029,2009,Akure North,Akure North,
354,level2,NG_2_029006,level1,NG_1_029,2009,Akure South,Akure South,
355,level2,NG_2_026001,level1,NG_1_026,2009,Akwanga,Akwanga,
356,level2,NG_2_020002,level1,NG_1_020,2009,Albasu,Albasu,
357,level2,NG_2_022001,level1,NG_1_022,2009,Aleiro,Aleiro,
358,level2,NG_2_025003,level1,NG_1_025,2009,Alimosho,Alimosho,
359,level2,NG_2_005001,level1,NG_1_005,2009,Alkaleri,Alkaleri,
360,level2,NG_2_025004,level1,NG_1_025,2009,Amuwo-Odofin,Amuwo-Odofin,
361,level2,NG_2_004002,level1,NG_1_004,2009,Anambra East,Anambra East,
362,level2,NG_2_004003,level1,NG_1_004,2009,Anambra West,Anambra West,
363,level2,NG_2_004004,level1,NG_1_004,2009,Anaocha,Anaocha,
364,level2,NG_2_033005,level1,NG_1_033,2009,Andoni,Andoni,
365,level2,NG_2_014001,level1,NG_1_014,2009,Aninri,Aninri,
366,level2,NG_2_010001,level1,NG_1_010,2009,Aniocha North,Aniocha North,
367,level2,NG_2_010002,level1,NG_1_010,2009,Aniocha South,Aniocha South,
368,level2,NG_2_037001,level1,NG_1_037,2009,Anka,Anka,
369,level2,NG_2_023003,level1,NG_1_023,2009,Ankpa,Ankpa,
370,level2,NG_2_007003,level1,NG_1_007,2009,Apa,Apa,
371,level2,NG_2_025005,level1,NG_1_025,2009,Apapa,Apapa,
372,level2,NG_2_035001,level1,NG_1_035,2009,Ardo-Kola,Ardo-Kola,
373,level2,NG_2_022002,level1,NG_1_022,2009,Arewa-Dandi,Arewa-Dandi,
374,level2,NG_2_022003,level1,NG_1_022,2009,Argungu,Argungu,
375,level2,NG_2_001003,level1,NG_1_001,2009,Arochukwu,Arochukwu,
376,level2,NG_2_024001,level1,NG_1_024,2009,Asa,Asa,
377,level2,NG_2_033006,level1,NG_1_033,2009,Asari-Toru,Asari-Toru,
378,level2,NG_2_008002,level1,NG_1_008,2009,Askira/Uba,Askira/Uba,
379,level2,NG_2_030003,level1,NG_1_030,2009,Atakumosa East,Atakumosa East,
380,level2,NG_2_030004,level1,NG_1_030,2009,Atakumosa West,Atakumosa West,
381,level2,NG_2_031003,level1,NG_1_031,2009,Atiba,Atiba,
382,level2,NG_2_031004,level1,NG_1_031,2009,Atigbo,Atigbo,
383,level2,NG_2_022004,level1,NG_1_022,2009,Augie,Augie,
384,level2,NG_2_018001,level1,NG_1_018,2009,Auyo,Auyo,
385,level2,NG_2_026002,level1,NG_1_026,2009,Awe,Awe,
386,level2,NG_2_014002,level1,NG_1_014,2009,Awgu,Awgu,
387,level2,NG_2_004005,level1,NG_1_004,2009,Awka North,Awka North,
388,level2,NG_2_004006,level1,NG_1_004,2009,Awka South,Awka South,
389,level2,NG_2_004007,level1,NG_1_004,2009,Ayamelum,Ayamelum,
390,level2,NG_2_018002,level1,NG_1_018,2009,Babura,Babura,
391,level2,NG_2_025006,level1,NG_1_025,2009,Badagry,Badagry,
392,level2,NG_2_036001,level1,NG_1_036,2009,Bade,Bade,
393,level2,NG_2_022005,level1,NG_1_022,2009,Bagudo,Bagudo,
394,level2,NG_2_020003,level1,NG_1_020,2009,Bagwai,Bagwai,
395,level2,NG_2_009005,level1,NG_1_009,2009,Bakassi,Bakassi,
396,level2,NG_2_021001,level1,NG_1_021,2009,Bakori,Bakori,
397,level2,NG_2_037002,level1,NG_1_037,2009,Bakura,Bakura,
398,level2,NG_2_016002,level1,NG_1_016,2009,Balanga,Balanga,
399,level2,NG_2_035002,level1,NG_1_035,2009,Bali,Bali,
400,level2,NG_2_008003,level1,NG_1_008,2009,Bama,Bama,
401,level2,NG_2_032001,level1,NG_1_032,2009,Barikin Ladi,Barikin Ladi,
402,level2,NG_2_024002,level1,NG_1_024,2009,Baruten,Baruten,
403,level2,NG_2_023004,level1,NG_1_023,2009,Bassa,Bassa,
404,level2,NG_2_032002,level1,NG_1_032,2009,Bassa,Bassa,
405,level2,NG_2_021002,level1,NG_1_021,2009,Batagarawa,Batagarawa,
406,level2,NG_2_021003,level1,NG_1_021,2009,Batsari,Batsari,
407,level2,NG_2_005002,level1,NG_1_005,2009,Bauchi,Bauchi,
408,level2,NG_2_021004,level1,NG_1_021,2009,Baure,Baure,
409,level2,NG_2_008004,level1,NG_1_008,2009,Bayo,Bayo,
410,level2,NG_2_020004,level1,NG_1_020,2009,Bebeji,Bebeji,
411,level2,NG_2_009006,level1,NG_1_009,2009,Bekwara,Bekwara,
412,level2,NG_2_001004,level1,NG_1_001,2009,Bende,Bende,
413,level2,NG_2_009007,level1,NG_1_009,2009,Biase,Biase,
414,level2,NG_2_020005,level1,NG_1_020,2009,Bichi,Bichi,
415,level2,NG_2_027003,level1,NG_1_027,2009,Bida,Bida,
416,level2,NG_2_016003,level1,NG_1_016,2009,Billiri,Billiri,
417,level2,NG_2_021005,level1,NG_1_021,2009,Bindawa,Bindawa,
418,level2,NG_2_034001,level1,NG_1_034,2009,Binji,Binji,
419,level2,NG_2_018003,level1,NG_1_018,2009,Biriniwa,Biriniwa,
420,level2,NG_2_018004,level1,NG_1_018,2009,Birni Kudu,Birni Kudu,
421,level2,NG_2_019001,level1,NG_1_019,2009,Birnin-Gwari,Birnin-Gwari,
422,level2,NG_2_022006,level1,NG_1_022,2009,Birnin Kebbi,Birnin Kebbi,
423,level2,NG_2_037003,level1,NG_1_037,2009,Birnin Magaji,Birnin Magaji,
424,level2,NG_2_008005,level1,NG_1_008,2009,Biu,Biu,
425,level2,NG_2_034002,level1,NG_1_034,2009,Bodinga,Bodinga,
426,level2,NG_2_005003,level1,NG_1_005,2009,Bogoro,Bogoro,
427,level2,NG_2_009008,level1,NG_1_009,2009,Boki,Boki,
428,level2,NG_2_032003,level1,NG_1_032,2009,Bokkos,Bokkos,
429,level2,NG_2_030005,level1,NG_1_030,2009,Boluwaduro,Boluwaduro,
430,level2,NG_2_010003,level1,NG_1_010,2009,Bomadi,Bomadi,
431,level2,NG_2_033007,level1,NG_1_033,2009,Bonny,Bonny,
432,level2,NG_2_027004,level1,NG_1_027,2009,Borgu,Borgu,
433,level2,NG_2_030006,level1,NG_1_030,2009,Boripe,Boripe,
434,level2,NG_2_027005,level1,NG_1_027,2009,Bosso,Bosso,
435,level2,NG_2_006001,level1,NG_1_006,2009,Brass,Brass,
436,level2,NG_2_018005,level1,NG_1_018,2009,Buji,Buji,
437,level2,NG_2_037004,level1,NG_1_037,2009,Bukkuyum,Bukkuyum,
438,level2,NG_2_037005,level1,NG_1_037,2009,Bungudu,Bungudu,
439,level2,NG_2_020006,level1,NG_1_020,2009,Bunkure,Bunkure,
440,level2,NG_2_022007,level1,NG_1_022,2009,Bunza,Bunza,
441,level2,NG_2_036002,level1,NG_1_036,2009,Bursari,Bursari,
442,level2,NG_2_007004,level1,NG_1_007,2009,Buruku,Buruku,
443,level2,NG_2_010004,level1,NG_1_010,2009,Burutu,Burutu,
444,level2,NG_2_015003,level1,NG_1_015,2009,Bwari,Bwari,
445,level2,NG_2_009010,level1,NG_1_009,2009,Calabar-Municipal,Calabar-Municipal,
446,level2,NG_2_009009,level1,NG_1_009,2009,Calabar South,Calabar South,
447,level2,NG_2_027006,level1,NG_1_027,2009,Chanchaga,Chanchaga,
448,level2,NG_2_021006,level1,NG_1_021,2009,Charanchi,Charanchi,
449,level2,NG_2_008006,level1,NG_1_008,2009,Chibok,Chibok,
450,level2,NG_2_019002,level1,NG_1_019,2009,Chikun,Chikun,
451,level2,NG_2_020007,level1,NG_1_020,2009,Dala,Dala,
452,level2,NG_2_036003,level1,NG_1_036,2009,Damaturu,Damaturu,
453,level2,NG_2_005004,level1,NG_1_005,2009,Damban,Damban,
454,level2,NG_2_020008,level1,NG_1_020,2009,Dambatta,Dambatta,
455,level2,NG_2_008007,level1,NG_1_008,2009,Damboa,Damboa,
456,level2,NG_2_021007,level1,NG_1_021,2009,Dan Musa,Dan Musa,
457,level2,NG_2_022008,level1,NG_1_022,2009,Dandi,Dandi,
458,level2,NG_2_021008,level1,NG_1_021,2009,Dandume,Dandume,
459,level2,NG_2_034003,level1,NG_1_034,2009,Dange-Shuni,Dange-Shuni,
460,level2,NG_2_021009,level1,NG_1_021,2009,Danja,Danja,
461,level2,NG_2_005005,level1,NG_1_005,2009,Darazo,Darazo,
462,level2,NG_2_005006,level1,NG_1_005,2009,Dass,Dass,
463,level2,NG_2_021010,level1,NG_1_021,2009,Daura,Daura,
464,level2,NG_2_020009,level1,NG_1_020,2009,Dawakin Kudu,Dawakin Kudu,
465,level2,NG_2_020010,level1,NG_1_020,2009,Dawakin Tofa,Dawakin Tofa,
466,level2,NG_2_033008,level1,NG_1_033,2009,Degema,Degema,
467,level2,NG_2_023005,level1,NG_1_023,2009,Dekina,Dekina,
468,level2,NG_2_002001,level1,NG_1_002,2009,Demsa,Demsa,
469,level2,NG_2_008008,level1,NG_1_008,2009,Dikwa,Dikwa,
470,level2,NG_2_020011,level1,NG_1_020,2009,Doguwa,Doguwa,
471,level2,NG_2_026003,level1,NG_1_026,2009,Doma,Doma,
472,level2,NG_2_035003,level1,NG_1_035,2009,Donga,Donga,
473,level2,NG_2_016004,level1,NG_1_016,2009,Dukku,Dukku,
474,level2,NG_2_004008,level1,NG_1_004,2009,Dunukofia,Dunukofia,
475,level2,NG_2_018006,level1,NG_1_018,2009,Dutse,Dutse,
476,level2,NG_2_021011,level1,NG_1_021,2009,Dutsi,Dutsi,
477,level2,NG_2_021012,level1,NG_1_021,2009,Dutsin-Ma,Dutsin-Ma,
478,level2,NG_2_003002,level1,NG_1_003,2009,Eastern Obolo,Eastern Obolo,
479,level2,NG_2_011004,level1,NG_1_011,2009,Ebonyi,Ebonyi,
480,level2,NG_2_027007,level1,NG_1_027,2009,Edati,Edati,
481,level2,NG_2_030007,level1,NG_1_030,2009,Ede North,Ede North,
482,level2,NG_2_030008,level1,NG_1_030,2009,Ede South,Ede South,
483,level2,NG_2_024003,level1,NG_1_024,2009,Edu,Edu,
484,level2,NG_2_013003,level1,NG_1_013,2009,Efon,Efon,
485,level2,NG_2_028004,level1,NG_1_028,2009,Egbado North,Egbado North,
486,level2,NG_2_028005,level1,NG_1_028,2009,Egbado South,Egbado South,
487,level2,NG_2_031005,level1,NG_1_031,2009,Egbeda,Egbeda,
488,level2,NG_2_030009,level1,NG_1_030,2009,Egbedore,Egbedore,
489,level2,NG_2_012002,level1,NG_1_012,2009,Egor,Egor,
490,level2,NG_2_017003,level1,NG_1_017,2009,Ehime-Mbano,Ehime-Mbano,
491,level2,NG_2_030010,level1,NG_1_030,2009,Ejigbo,Ejigbo,
492,level2,NG_2_006002,level1,NG_1_006,2009,Ekeremor,Ekeremor,
493,level2,NG_2_003003,level1,NG_1_003,2009,Eket,Eket,
494,level2,NG_2_024004,level1,NG_1_024,2009,Ekiti,Ekiti,
495,level2,NG_2_013004,level1,NG_1_013,2009,Ekiti East,Ekiti East,
496,level2,NG_2_013005,level1,NG_1_013,2009,Ekiti South West,Ekiti South West,
497,level2,NG_2_013006,level1,NG_1_013,2009,Ekiti West,Ekiti West,
498,level2,NG_2_004009,level1,NG_1_004,2009,Ekwusigo,Ekwusigo,
499,level2,NG_2_033009,level1,NG_1_033,2009,Eleme,Eleme,
500,level2,NG_2_033010,level1,NG_1_033,2009,Emohua,Emohua,
501,level2,NG_2_013007,level1,NG_1_013,2009,Emure,Emure,
502,level2,NG_2_014003,level1,NG_1_014,2009,Enugu East,Enugu East,
503,level2,NG_2_014004,level1,NG_1_014,2009,Enugu North,Enugu North,
504,level2,NG_2_014005,level1,NG_1_014,2009,Enugu South,Enugu South,
505,level2,NG_2_025007,level1,NG_1_025,2009,Epe,Epe,
506,level2,NG_2_012003,level1,NG_1_012,2009,Esan Central,Esan Central,
507,level2,NG_2_012004,level1,NG_1_012,2009,Esan North East,Esan North East,
508,level2,NG_2_012005,level1,NG_1_012,2009,Esan South East,Esan South East,
509,level2,NG_2_012006,level1,NG_1_012,2009,Esan West,Esan West,
510,level2,NG_2_029007,level1,NG_1_029,2009,Ese-Odo,Ese-Odo,
511,level2,NG_2_003004,level1,NG_1_003,2009,Esit - Eket,Esit - Eket,
512,level2,NG_2_003005,level1,NG_1_003,2009,Essien Udim,Essien Udim,
513,level2,NG_2_033011,level1,NG_1_033,2009,Etche,Etche,
514,level2,NG_2_010005,level1,NG_1_010,2009,Ethiope East,Ethiope East,
515,level2,NG_2_010006,level1,NG_1_010,2009,Ethiope West,Ethiope West,
516,level2,NG_2_025008,level1,NG_1_025,2009,Eti-Osa,Eti-Osa,
517,level2,NG_2_003006,level1,NG_1_003,2009,Etim Ekpo,Etim Ekpo,
518,level2,NG_2_003007,level1,NG_1_003,2009,Etinan,Etinan,
519,level2,NG_2_012007,level1,NG_1_012,2009,Etsako Central,Etsako Central,
520,level2,NG_2_012008,level1,NG_1_012,2009,Etsako East,Etsako East,
521,level2,NG_2_012009,level1,NG_1_012,2009,Etsako West,Etsako West,
522,level2,NG_2_009011,level1,NG_1_009,2009,Etung,Etung,
523,level2,NG_2_028006,level1,NG_1_028,2009,Ewekoro,Ewekoro,
524,level2,NG_2_014006,level1,NG_1_014,2009,Ezeagu,Ezeagu,
525,level2,NG_2_017004,level1,NG_1_017,2009,Ezinihitte,Ezinihitte,
526,level2,NG_2_011005,level1,NG_1_011,2009,Ezza North,Ezza North,
527,level2,NG_2_011006,level1,NG_1_011,2009,Ezza South,Ezza South,
528,level2,NG_2_020012,level1,NG_1_020,2009,Fagge,Fagge,
529,level2,NG_2_022009,level1,NG_1_022,2009,Fakai,Fakai,
530,level2,NG_2_021013,level1,NG_1_021,2009,Faskari,Faskari,
531,level2,NG_2_036004,level1,NG_1_036,2009,Fika,Fika,
532,level2,NG_2_002002,level1,NG_1_002,2009,Fufore,Fufore,
533,level2,NG_2_016005,level1,NG_1_016,2009,Funakaye,Funakaye,
534,level2,NG_2_036005,level1,NG_1_036,2009,Fune,Fune,
535,level2,NG_2_021014,level1,NG_1_021,2009,Funtua,Funtua,
536,level2,NG_2_020013,level1,NG_1_020,2009,Gabasawa,Gabasawa,
537,level2,NG_2_034004,level1,NG_1_034,2009,Gada,Gada,
538,level2,NG_2_018007,level1,NG_1_018,2009,Gagarawa,Gagarawa,
539,level2,NG_2_005007,level1,NG_1_005,2009,Gamawa,Gamawa,
540,level2,NG_2_005008,level1,NG_1_005,2009,Ganjuwa,Ganjuwa,
541,level2,NG_2_002003,level1,NG_1_002,2009,Ganye,Ganye,
542,level2,NG_2_018008,level1,NG_1_018,2009,Garki,Garki,
543,level2,NG_2_020014,level1,NG_1_020,2009,Garko,Garko,
544,level2,NG_2_020015,level1,NG_1_020,2009,Garum Mallam,Garum Mallam,
545,level2,NG_2_035004,level1,NG_1_035,2009,Gashaka,Gashaka,
546,level2,NG_2_035005,level1,NG_1_035,2009,Gassol,Gassol,
547,level2,NG_2_020016,level1,NG_1_020,2009,Gaya,Gaya,
548,level2,NG_2_027008,level1,NG_1_027,2009,Gbako,Gbako,
549,level2,NG_2_007005,level1,NG_1_007,2009,Gboko,Gboko,
550,level2,NG_2_036006,level1,NG_1_036,2009,Geidam,Geidam,
551,level2,NG_2_020017,level1,NG_1_020,2009,Gezawa,Gezawa,
552,level2,NG_2_005009,level1,NG_1_005,2009,Giade,Giade,
553,level2,NG_2_002005,level1,NG_1_002,2009,Girei,Girei,
554,level2,NG_2_019003,level1,NG_1_019,2009,Giwa,Giwa,
555,level2,NG_2_033012,level1,NG_1_033,2009,Gokana,Gokana,
556,level2,NG_2_016006,level1,NG_1_016,2009,Gombe,Gombe,
557,level2,NG_2_002004,level1,NG_1_002,2009,Gombi,Gombi,
558,level2,NG_2_034006,level1,NG_1_034,2009,Goronyo,Goronyo,
559,level2,NG_2_008009,level1,NG_1_008,2009,Gubio,Gubio,
560,level2,NG_2_034007,level1,NG_1_034,2009,Gudu,Gudu,
561,level2,NG_2_036007,level1,NG_1_036,2009,Gujba,Gujba,
562,level2,NG_2_036008,level1,NG_1_036,2009,Gulani,Gulani,
563,level2,NG_2_007006,level1,NG_1_007,2009,Guma,Guma,
564,level2,NG_2_018009,level1,NG_1_018,2009,Gumel,Gumel,
565,level2,NG_2_037006,level1,NG_1_037,2009,Gummi,Gummi,
566,level2,NG_2_027009,level1,NG_1_027,2009,Gurara,Gurara,
567,level2,NG_2_018010,level1,NG_1_018,2009,Guri,Guri,
568,level2,NG_2_037007,level1,NG_1_037,2009,Gusau,Gusau,
569,level2,NG_2_002006,level1,NG_1_002,2009,Guyuk,Guyuk,
570,level2,NG_2_008010,level1,NG_1_008,2009,Guzamala,Guzamala,
571,level2,NG_2_034005,level1,NG_1_034,2009,Gwadabawa,Gwadabawa,
572,level2,NG_2_015004,level1,NG_1_015,2009,Gwagwalada,Gwagwalada,
573,level2,NG_2_020018,level1,NG_1_020,2009,Gwale,Gwale,
574,level2,NG_2_022010,level1,NG_1_022,2009,Gwandu,Gwandu,
575,level2,NG_2_018011,level1,NG_1_018,2009,Gwaram,Gwaram,
576,level2,NG_2_020019,level1,NG_1_020,2009,Gwarzo,Gwarzo,
577,level2,NG_2_007007,level1,NG_1_007,2009,Gwer East,Gwer East,
578,level2,NG_2_007008,level1,NG_1_007,2009,Gwer West,Gwer West,
579,level2,NG_2_018012,level1,NG_1_018,2009,Gwiwa,Gwiwa,
580,level2,NG_2_008011,level1,NG_1_008,2009,Gwoza,Gwoza,
581,level2,NG_2_018013,level1,NG_1_018,2009,Hadejia,Hadejia,
582,level2,NG_2_008012,level1,NG_1_008,2009,Hawul,Hawul,
583,level2,NG_2_002007,level1,NG_1_002,2009,Hong,Hong,
584,level2,NG_2_031006,level1,NG_1_031,2009,Ibadan North,Ibadan North,
585,level2,NG_2_031007,level1,NG_1_031,2009,Ibadan North East,Ibadan North East,
586,level2,NG_2_031008,level1,NG_1_031,2009,Ibadan North West,Ibadan North West,
587,level2,NG_2_031009,level1,NG_1_031,2009,Ibadan South East,Ibadan South East,
588,level2,NG_2_031010,level1,NG_1_031,2009,Ibadan South West,Ibadan South West,
589,level2,NG_2_023006,level1,NG_1_023,2009,Ibaji,Ibaji,
590,level2,NG_2_031011,level1,NG_1_031,2009,Ibarapa Central,Ibarapa Central,
591,level2,NG_2_031012,level1,NG_1_031,2009,Ibarapa East,Ibarapa East,
592,level2,NG_2_031013,level1,NG_1_031,2009,Ibarapa North,Ibarapa North,
593,level2,NG_2_025009,level1,NG_1_025,2009,Ibeju/Lekki,Ibeju/Lekki,
594,level2,NG_2_003008,level1,NG_1_003,2009,Ibeno,Ibeno,
595,level2,NG_2_003009,level1,NG_1_003,2009,Ibesikpo Asutan,Ibesikpo Asutan,
596,level2,NG_2_035006,level1,NG_1_035,2009,Ibi,Ibi,
597,level2,NG_2_003010,level1,NG_1_003,2009,Ibiono Ibom,Ibiono Ibom,
598,level2,NG_2_023007,level1,NG_1_023,2009,Idah,Idah,
599,level2,NG_2_029008,level1,NG_1_029,2009,Idanre,Idanre,
600,level2,NG_2_017005,level1,NG_1_017,2009,Ideato North,Ideato North,
601,level2,NG_2_017006,level1,NG_1_017,2009,Ideato South,Ideato South,
602,level2,NG_2_004010,level1,NG_1_004,2009,Idemili North,Idemili North,
603,level2,NG_2_004011,level1,NG_1_004,2009,Idemili South,Idemili South,
604,level2,NG_2_031014,level1,NG_1_031,2009,Ido,Ido,
605,level2,NG_2_013008,level1,NG_1_013,2009,Ido-Osi,Ido-Osi,
606,level2,NG_2_025010,level1,NG_1_025,2009,Ifako-Ijaye,Ifako-Ijaye,
607,level2,NG_2_030011,level1,NG_1_030,2009,Ife Central,Ife Central,
608,level2,NG_2_030012,level1,NG_1_030,2009,Ife East,Ife East,
609,level2,NG_2_030013,level1,NG_1_030,2009,Ife North,Ife North,
610,level2,NG_2_030014,level1,NG_1_030,2009,Ife South,Ife South,
611,level2,NG_2_030015,level1,NG_1_030,2009,Ifedayo,Ifedayo,
612,level2,NG_2_029009,level1,NG_1_029,2009,Ifedore,Ifedore,
613,level2,NG_2_024005,level1,NG_1_024,2009,Ifelodun,Ifelodun,
614,level2,NG_2_030016,level1,NG_1_030,2009,Ifelodun,Ifelodun,
615,level2,NG_2_028007,level1,NG_1_028,2009,Ifo,Ifo,
616,level2,NG_2_019004,level1,NG_1_019,2009,Igabi,Igabi,
617,level2,NG_2_023008,level1,NG_1_023,2009,Igalamela-Odolu,Igalamela-Odolu,
618,level2,NG_2_014007,level1,NG_1_014,2009,Igbo-Etiti,Igbo-Etiti,
619,level2,NG_2_014008,level1,NG_1_014,2009,Igbo-Eze North,Igbo-Eze North,
620,level2,NG_2_014009,level1,NG_1_014,2009,Igbo-Eze South,Igbo-Eze South,
621,level2,NG_2_012010,level1,NG_1_012,2009,Igueben,Igueben,
622,level2,NG_2_004012,level1,NG_1_004,2009,Ihiala,Ihiala,
623,level2,NG_2_017007,level1,NG_1_017,2009,Ihitte/Uboma,Ihitte/Uboma,
624,level2,NG_2_028008,level1,NG_1_028,2009,Ijebu East,Ijebu East,
625,level2,NG_2_028009,level1,NG_1_028,2009,Ijebu North,Ijebu North,
626,level2,NG_2_028010,level1,NG_1_028,2009,Ijebu North East,Ijebu North East,
627,level2,NG_2_028011,level1,NG_1_028,2009,Ijebu Ode,Ijebu Ode,
628,level2,NG_2_013009,level1,NG_1_013,2009,Ijero,Ijero,
629,level2,NG_2_023009,level1,NG_1_023,2009,Ijumu,Ijumu,
630,level2,NG_2_003011,level1,NG_1_003,2009,Ika,Ika,
631,level2,NG_2_010007,level1,NG_1_010,2009,Ika North East,Ika North East,
632,level2,NG_2_010008,level1,NG_1_010,2009,Ika South,Ika South,
633,level2,NG_2_019005,level1,NG_1_019,2009,Ikara,Ikara,
634,level2,NG_2_017008,level1,NG_1_017,2009,Ikeduru,Ikeduru,
635,level2,NG_2_025011,level1,NG_1_025,2009,Ikeja,Ikeja,
636,level2,NG_2_028012,level1,NG_1_028,2009,Ikenne,Ikenne,
637,level2,NG_2_013010,level1,NG_1_013,2009,Ikere,Ikere,
638,level2,NG_2_013011,level1,NG_1_013,2009,Ikole,Ikole,
639,level2,NG_2_009012,level1,NG_1_009,2009,Ikom,Ikom,
640,level2,NG_2_003012,level1,NG_1_003,2009,Ikono,Ikono,
641,level2,NG_2_025012,level1,NG_1_025,2009,Ikorodu,Ikorodu,
642,level2,NG_2_003013,level1,NG_1_003,2009,Ikot Abasi,Ikot Abasi,
643,level2,NG_2_003014,level1,NG_1_003,2009,Ikot Ekpene,Ikot Ekpene,
644,level2,NG_2_012011,level1,NG_1_012,2009,Ikpoba-Okha,Ikpoba-Okha,
645,level2,NG_2_033013,level1,NG_1_033,2009,Ikwerre,Ikwerre,
646,level2,NG_2_011007,level1,NG_1_011,2009,Ikwo,Ikwo,
647,level2,NG_2_001005,level1,NG_1_001,2009,Ikwuano,Ikwuano,
648,level2,NG_2_030017,level1,NG_1_030,2009,Ila,Ila,
649,level2,NG_2_029010,level1,NG_1_029,2009,Ilaje,Ilaje,
650,level2,NG_2_029011,level1,NG_1_029,2009,Ile-Oluji-Okeigbo,Ile-Oluji-Okeigbo,
651,level2,NG_2_013012,level1,NG_1_013,2009,Ilejemeji,Ilejemeji,
652,level2,NG_2_030018,level1,NG_1_030,2009,Ilesha East,Ilesha East,
653,level2,NG_2_030019,level1,NG_1_030,2009,Ilesha West,Ilesha West,
654,level2,NG_2_034008,level1,NG_1_034,2009,Illela,Illela,
655,level2,NG_2_024006,level1,NG_1_024,2009,Ilorin East,Ilorin East,
656,level2,NG_2_024007,level1,NG_1_024,2009,Ilorin South,Ilorin South,
657,level2,NG_2_024008,level1,NG_1_024,2009,Ilorin West,Ilorin West,
658,level2,NG_2_028013,level1,NG_1_028,2009,Imeko-Afon,Imeko-Afon,
659,level2,NG_2_021015,level1,NG_1_021,2009,Ingawa,Ingawa,
660,level2,NG_2_003015,level1,NG_1_003,2009,Ini,Ini,
661,level2,NG_2_028014,level1,NG_1_028,2009,Ipokia,Ipokia,
662,level2,NG_2_029012,level1,NG_1_029,2009,Irele,Irele,
663,level2,NG_2_031015,level1,NG_1_031,2009,Irepo,Irepo,
664,level2,NG_2_024009,level1,NG_1_024,2009,Irepodun,Irepodun,
665,level2,NG_2_030020,level1,NG_1_030,2009,Irepodun,Irepodun,
666,level2,NG_2_013013,level1,NG_1_013,2009,Irepodun/Ifelodun,Irepodun/Ifelodun,
667,level2,NG_2_030021,level1,NG_1_030,2009,Irewole,Irewole,
668,level2,NG_2_034009,level1,NG_1_034,2009,Isa,Isa,
669,level2,NG_2_013014,level1,NG_1_013,2009,Ise/Orun,Ise/Orun,
670,level2,NG_2_031016,level1,NG_1_031,2009,Iseyin,Iseyin,
671,level2,NG_2_011008,level1,NG_1_011,2009,Ishielu,Ishielu,
672,level2,NG_2_014010,level1,NG_1_014,2009,Isi-Uzo,Isi-Uzo,
673,level2,NG_2_001006,level1,NG_1_001,2009,Isiala-Ngwa North,Isiala-Ngwa North,
674,level2,NG_2_001007,level1,NG_1_001,2009,Isiala-Ngwa South,Isiala-Ngwa South,
675,level2,NG_2_017009,level1,NG_1_017,2009,Isiala Mbano,Isiala Mbano,
676,level2,NG_2_024010,level1,NG_1_024,2009,Isin,Isin,
677,level2,NG_2_001008,level1,NG_1_001,2009,Isiukwuato,Isiukwuato,
678,level2,NG_2_030022,level1,NG_1_030,2009,Isokan,Isokan,
679,level2,NG_2_010009,level1,NG_1_010,2009,Isoko North,Isoko North,
680,level2,NG_2_010010,level1,NG_1_010,2009,Isoko South,Isoko South,
681,level2,NG_2_017010,level1,NG_1_017,2009,Isu,Isu,
682,level2,NG_2_005010,level1,NG_1_005,2009,Itas/Gadau,Itas/Gadau,
683,level2,NG_2_031017,level1,NG_1_031,2009,Itesiwaju,Itesiwaju,
684,level2,NG_2_003016,level1,NG_1_003,2009,Itu,Itu,
685,level2,NG_2_011009,level1,NG_1_011,2009,Ivo,Ivo,
686,level2,NG_2_031018,level1,NG_1_031,2009,Iwajowa,Iwajowa,
687,level2,NG_2_030023,level1,NG_1_030,2009,Iwo,Iwo,
688,level2,NG_2_011010,level1,NG_1_011,2009,Izzi,Izzi,
689,level2,NG_2_019006,level1,NG_1_019,2009,Jaba,Jaba,
690,level2,NG_2_002008,level1,NG_1_002,2009,Jada,Jada,
691,level2,NG_2_018014,level1,NG_1_018,2009,Jahun,Jahun,
692,level2,NG_2_036009,level1,NG_1_036,2009,Jakusko,Jakusko,
693,level2,NG_2_035007,level1,NG_1_035,2009,Jalingo,Jalingo,
694,level2,NG_2_005011,level1,NG_1_005,2009,'Jama''are','Jama''are',
695,level2,NG_2_022011,level1,NG_1_022,2009,Jega,Jega,
696,level2,NG_2_019007,level1,NG_1_019,2009,'Jema''a','Jema''a',
697,level2,NG_2_008013,level1,NG_1_008,2009,Jere,Jere,
698,level2,NG_2_021016,level1,NG_1_021,2009,Jibia,Jibia,
699,level2,NG_2_032004,level1,NG_1_032,2009,Jos East,Jos East,
700,level2,NG_2_032005,level1,NG_1_032,2009,Jos North,Jos North,
701,level2,NG_2_032006,level1,NG_1_032,2009,Jos South,Jos South,
702,level2,NG_2_023010,level1,NG_1_023,2009,Kabba/Bunu,Kabba/Bunu,
703,level2,NG_2_020020,level1,NG_1_020,2009,Kabo,Kabo,
704,level2,NG_2_019008,level1,NG_1_019,2009,Kachia,Kachia,
705,level2,NG_2_019009,level1,NG_1_019,2009,Kaduna North,Kaduna North,
706,level2,NG_2_019010,level1,NG_1_019,2009,Kaduna South,Kaduna South,
707,level2,NG_2_018015,level1,NG_1_018,2009,Kafin Hausa,Kafin Hausa,
708,level2,NG_2_021017,level1,NG_1_021,2009,Kafur,Kafur,
709,level2,NG_2_008014,level1,NG_1_008,2009,Kaga,Kaga,
710,level2,NG_2_019011,level1,NG_1_019,2009,Kagarko,Kagarko,
711,level2,NG_2_024011,level1,NG_1_024,2009,Kaiama,Kaiama,
712,level2,NG_2_021018,level1,NG_1_021,2009,Kaita,Kaita,
713,level2,NG_2_031019,level1,NG_1_031,2009,Kajola,Kajola,
714,level2,NG_2_019012,level1,NG_1_019,2009,Kajuru,Kajuru,
715,level2,NG_2_008015,level1,NG_1_008,2009,Kala/Balge,Kala/Balge,
716,level2,NG_2_022012,level1,NG_1_022,2009,Kalgo,Kalgo,
717,level2,NG_2_016007,level1,NG_1_016,2009,Kaltungo,Kaltungo,
718,level2,NG_2_032007,level1,NG_1_032,2009,Kanam,Kanam,
719,level2,NG_2_021019,level1,NG_1_021,2009,Kankara,Kankara,
720,level2,NG_2_032008,level1,NG_1_032,2009,Kanke,Kanke,
721,level2,NG_2_021020,level1,NG_1_021,2009,Kankia,Kankia,
722,level2,NG_2_020021,level1,NG_1_020,2009,Kano Municipal,Kano Municipal,
723,level2,NG_2_036010,level1,NG_1_036,2009,Karasuwa,Karasuwa,
724,level2,NG_2_020022,level1,NG_1_020,2009,Karaye,Karaye,
725,level2,NG_2_035008,level1,NG_1_035,2009,Karim-Lamido,Karim-Lamido,
726,level2,NG_2_026004,level1,NG_1_026,2009,Karu,Karu,
727,level2,NG_2_005012,level1,NG_1_005,2009,Katagum,Katagum,
728,level2,NG_2_027010,level1,NG_1_027,2009,Katcha,Katcha,
729,level2,NG_2_021021,level1,NG_1_021,2009,Katsina,Katsina,
730,level2,NG_2_007009,level1,NG_1_007,2009,Katsina-Ala,Katsina-Ala,
731,level2,NG_2_018016,level1,NG_1_018,2009,Kaugama,Kaugama,
732,level2,NG_2_019013,level1,NG_1_019,2009,Kaura,Kaura,
733,level2,NG_2_037008,level1,NG_1_037,2009,Kaura Namoda,Kaura Namoda,
734,level2,NG_2_019014,level1,NG_1_019,2009,Kauru,Kauru,
735,level2,NG_2_018017,level1,NG_1_018,2009,Kazaure,Kazaure,
736,level2,NG_2_026005,level1,NG_1_026,2009,Keana,Keana,
737,level2,NG_2_034010,level1,NG_1_034,2009,Kebbe,Kebbe,
738,level2,NG_2_026006,level1,NG_1_026,2009,Keffi,Keffi,
739,level2,NG_2_033014,level1,NG_1_033,2009,Khana,Khana,
740,level2,NG_2_020023,level1,NG_1_020,2009,Kibiya,Kibiya,
741,level2,NG_2_005013,level1,NG_1_005,2009,Kirfi,Kirfi,
742,level2,NG_2_018018,level1,NG_1_018,2009,Kiri Kasamma,Kiri Kasamma,
743,level2,NG_2_020024,level1,NG_1_020,2009,Kiru,Kiru,
744,level2,NG_2_018019,level1,NG_1_018,2009,Kiyawa,Kiyawa,
745,level2,NG_2_023011,level1,NG_1_023,2009,Kogi,Kogi,
746,level2,NG_2_022013,level1,NG_1_022,2009,Koko/Besse,Koko/Besse,
747,level2,NG_2_026007,level1,NG_1_026,2009,Kokona,Kokona,
748,level2,NG_2_006003,level1,NG_1_006,2009,Kolokuma/Opokuma,Kolokuma/Opokuma,
749,level2,NG_2_008016,level1,NG_1_008,2009,Konduga,Konduga,
750,level2,NG_2_007010,level1,NG_1_007,2009,Konshisha,Konshisha,
751,level2,NG_2_027011,level1,NG_1_027,2009,Kontagora,Kontagora,
752,level2,NG_2_025013,level1,NG_1_025,2009,Kosofe,Kosofe,
753,level2,NG_2_019015,level1,NG_1_019,2009,Kubau,Kubau,
754,level2,NG_2_019016,level1,NG_1_019,2009,Kudan,Kudan,
755,level2,NG_2_015005,level1,NG_1_015,2009,Kuje,Kuje,
756,level2,NG_2_008017,level1,NG_1_008,2009,Kukawa,Kukawa,
757,level2,NG_2_020025,level1,NG_1_020,2009,Kumbotso,Kumbotso,
758,level2,NG_2_020026,level1,NG_1_020,2009,Kunchi,Kunchi,
759,level2,NG_2_020027,level1,NG_1_020,2009,Kura,Kura,
760,level2,NG_2_021022,level1,NG_1_021,2009,Kurfi,Kurfi,
761,level2,NG_2_035009,level1,NG_1_035,2009,Kurmi,Kurmi,
762,level2,NG_2_021023,level1,NG_1_021,2009,Kusada,Kusada,
763,level2,NG_2_015006,level1,NG_1_015,2009,Kwali,Kwali,
764,level2,NG_2_016008,level1,NG_1_016,2009,Kwami,Kwami,
765,level2,NG_2_007011,level1,NG_1_007,2009,Kwande,Kwande,
766,level2,NG_2_034011,level1,NG_1_034,2009,Kware,Kware,
767,level2,NG_2_008018,level1,NG_1_008,2009,Kwaya Kusar,Kwaya Kusar,
768,level2,NG_2_026008,level1,NG_1_026,2009,Lafia,Lafia,
769,level2,NG_2_031020,level1,NG_1_031,2009,Lagelu,Lagelu,
770,level2,NG_2_025014,level1,NG_1_025,2009,Lagos Island,Lagos Island,
771,level2,NG_2_025015,level1,NG_1_025,2009,Lagos Mainland,Lagos Mainland,
772,level2,NG_2_002009,level1,NG_1_002,2009,Lamurde,Lamurde,
773,level2,NG_2_032009,level1,NG_1_032,2009,Langtang North,Langtang North,
774,level2,NG_2_032010,level1,NG_1_032,2009,Langtang South,Langtang South,
775,level2,NG_2_027012,level1,NG_1_027,2009,Lapai,Lapai,
776,level2,NG_2_035010,level1,NG_1_035,2009,Lau,Lau,
777,level2,NG_2_027013,level1,NG_1_027,2009,Lavun,Lavun,
778,level2,NG_2_019017,level1,NG_1_019,2009,Lere,Lere,
779,level2,NG_2_007012,level1,NG_1_007,2009,Logo,Logo,
780,level2,NG_2_023012,level1,NG_1_023,2009,Lokoja,Lokoja,
781,level2,NG_2_036011,level1,NG_1_036,2009,Machina,Machina,
782,level2,NG_2_002010,level1,NG_1_002,2009,Madagali,Madagali,
783,level2,NG_2_020028,level1,NG_1_020,2009,Madobi,Madobi,
784,level2,NG_2_008019,level1,NG_1_008,2009,Mafa,Mafa,
785,level2,NG_2_027014,level1,NG_1_027,2009,Magama,Magama,
786,level2,NG_2_008020,level1,NG_1_008,2009,Magumeri,Magumeri,
787,level2,NG_2_021024,level1,NG_1_021,2009,'Mai''adua','Mai''adua',
788,level2,NG_2_008021,level1,NG_1_008,2009,Maiduguri,Maiduguri,
789,level2,NG_2_018020,level1,NG_1_018,2009,Maigatari,Maigatari,
790,level2,NG_2_002011,level1,NG_1_002,2009,Maiha,Maiha,
791,level2,NG_2_022014,level1,NG_1_022,2009,Maiyama,Maiyama,
792,level2,NG_2_020029,level1,NG_1_020,2009,Makoda,Makoda,
793,level2,NG_2_007013,level1,NG_1_007,2009,Makurdi,Makurdi,
794,level2,NG_2_018021,level1,NG_1_018,2009,Malam Madori,Malam Madori,
795,level2,NG_2_021025,level1,NG_1_021,2009,Malumfashi,Malumfashi,
796,level2,NG_2_032011,level1,NG_1_032,2009,Mangu,Mangu,
797,level2,NG_2_021026,level1,NG_1_021,2009,Mani,Mani,
798,level2,NG_2_037009,level1,NG_1_037,2009,Maradun,Maradun,
799,level2,NG_2_027015,level1,NG_1_027,2009,Mariga,Mariga,
800,level2,NG_2_019018,level1,NG_1_019,2009,Markafi,Markafi,
801,level2,NG_2_008022,level1,NG_1_008,2009,Marte,Marte,
802,level2,NG_2_037010,level1,NG_1_037,2009,Maru,Maru,
803,level2,NG_2_027016,level1,NG_1_027,2009,Mashegu,Mashegu,
804,level2,NG_2_021027,level1,NG_1_021,2009,Mashi,Mashi,
805,level2,NG_2_021028,level1,NG_1_021,2009,Matazu,Matazu,
806,level2,NG_2_002012,level1,NG_1_002,2009,Mayo-Belwa,Mayo-Belwa,
807,level2,NG_2_017011,level1,NG_1_017,2009,Mbaitoli,Mbaitoli,
808,level2,NG_2_003017,level1,NG_1_003,2009,Mbo,Mbo,
809,level2,NG_2_002013,level1,NG_1_002,2009,Michika,Michika,
810,level2,NG_2_018022,level1,NG_1_018,2009,Miga,Miga,
811,level2,NG_2_032012,level1,NG_1_032,2009,Mikang,Mikang,
812,level2,NG_2_020030,level1,NG_1_020,2009,Minjibir,Minjibir,
813,level2,NG_2_005014,level1,NG_1_005,2009,Misau,Misau,
814,level2,NG_2_003018,level1,NG_1_003,2009,Mkpat Enin,Mkpat Enin,
815,level2,NG_2_013015,level1,NG_1_013,2009,Moba,Moba,
816,level2,NG_2_008023,level1,NG_1_008,2009,Mobbar,Mobbar,
817,level2,NG_2_027017,level1,NG_1_027,2009,Mokwa,Mokwa,
818,level2,NG_2_008024,level1,NG_1_008,2009,Monguno,Monguno,
819,level2,NG_2_023013,level1,NG_1_023,2009,Mopa-Muro,Mopa-Muro,
820,level2,NG_2_024012,level1,NG_1_024,2009,Moro,Moro,
821,level2,NG_2_002014,level1,NG_1_002,2009,Mubi North,Mubi North,
822,level2,NG_2_002015,level1,NG_1_002,2009,Mubi South,Mubi South,
823,level2,NG_2_021029,level1,NG_1_021,2009,Musawa,Musawa,
824,level2,NG_2_025016,level1,NG_1_025,2009,Mushin,Mushin,
825,level2,NG_2_027018,level1,NG_1_027,2009,Muya,Muya,
826,level2,NG_2_016009,level1,NG_1_016,2009,Nafada,Nafada,
827,level2,NG_2_036012,level1,NG_1_036,2009,Nangere,Nangere,
828,level2,NG_2_020031,level1,NG_1_020,2009,Nasarawa,Nasarawa,
829,level2,NG_2_026009,level1,NG_1_026,2009,Nasarawa,Nasarawa,
830,level2,NG_2_026010,level1,NG_1_026,2009,Nasarawa-Eggon,Nasarawa-Eggon,
831,level2,NG_2_010011,level1,NG_1_010,2009,Ndokwa East,Ndokwa East,
832,level2,NG_2_010012,level1,NG_1_010,2009,Ndokwa West,Ndokwa West,
833,level2,NG_2_006004,level1,NG_1_006,2009,Nembe,Nembe,
834,level2,NG_2_008025,level1,NG_1_008,2009,Ngala,Ngala,
835,level2,NG_2_008026,level1,NG_1_008,2009,Nganzai,Nganzai,
836,level2,NG_2_022015,level1,NG_1_022,2009,Ngaski,Ngaski,
837,level2,NG_2_017012,level1,NG_1_017,2009,Ngor-Okpala,Ngor-Okpala,
838,level2,NG_2_036013,level1,NG_1_036,2009,Nguru,Nguru,
839,level2,NG_2_005015,level1,NG_1_005,2009,Ningi,Ningi,
840,level2,NG_2_017013,level1,NG_1_017,2009,Njaba,Njaba,
841,level2,NG_2_004013,level1,NG_1_004,2009,Njikoka,Njikoka,
842,level2,NG_2_014011,level1,NG_1_014,2009,Nkanu East,Nkanu East,
843,level2,NG_2_014012,level1,NG_1_014,2009,Nkanu West,Nkanu West,
844,level2,NG_2_017014,level1,NG_1_017,2009,Nkwerre,Nkwerre,
845,level2,NG_2_004014,level1,NG_1_004,2009,Nnewi North,Nnewi North,
846,level2,NG_2_004015,level1,NG_1_004,2009,Nnewi South,Nnewi South,
847,level2,NG_2_003019,level1,NG_1_003,2009,Nsit Atai,Nsit Atai,
848,level2,NG_2_003020,level1,NG_1_003,2009,Nsit Ibom,Nsit Ibom,
849,level2,NG_2_003021,level1,NG_1_003,2009,Nsit Ubium,Nsit Ubium,
850,level2,NG_2_014013,level1,NG_1_014,2009,Nsukka,Nsukka,
851,level2,NG_2_002016,level1,NG_1_002,2009,Numan,Numan,
852,level2,NG_2_017015,level1,NG_1_017,2009,Nwangele,Nwangele,
853,level2,NG_2_028015,level1,NG_1_028,2009,Obafemi-Owode,Obafemi-Owode,
854,level2,NG_2_009013,level1,NG_1_009,2009,Obanliku,Obanliku,
855,level2,NG_2_007014,level1,NG_1_007,2009,Obi,Obi,
856,level2,NG_2_026011,level1,NG_1_026,2009,Obi,Obi,
857,level2,NG_2_001009,level1,NG_1_001,2009,Obi Ngwa,Obi Ngwa,
858,level2,NG_2_033015,level1,NG_1_033,2009,Obia/Akpor,Obia/Akpor,
859,level2,NG_2_030024,level1,NG_1_030,2009,Obokun,Obokun,
860,level2,NG_2_003022,level1,NG_1_003,2009,Obot Akara,Obot Akara,
861,level2,NG_2_017016,level1,NG_1_017,2009,Obowo,Obowo,
862,level2,NG_2_009014,level1,NG_1_009,2009,Obubra,Obubra,
863,level2,NG_2_009015,level1,NG_1_009,2009,Obudu,Obudu,
864,level2,NG_2_028016,level1,NG_1_028,2009,Odeda,Odeda,
865,level2,NG_2_029013,level1,NG_1_029,2009,Odigbo,Odigbo,
866,level2,NG_2_030025,level1,NG_1_030,2009,Odo-Otin,Odo-Otin,
867,level2,NG_2_028017,level1,NG_1_028,2009,Odogbolu,Odogbolu,
868,level2,NG_2_009016,level1,NG_1_009,2009,Odukpani,Odukpani,
869,level2,NG_2_024013,level1,NG_1_024,2009,Offa,Offa,
870,level2,NG_2_023014,level1,NG_1_023,2009,Ofu,Ofu,
871,level2,NG_2_033016,level1,NG_1_033,2009,Ogba/Egbema/Ndoni,Ogba/Egbema/Ndoni,
872,level2,NG_2_007015,level1,NG_1_007,2009,Ogbadibo,Ogbadibo,
873,level2,NG_2_004016,level1,NG_1_004,2009,Ogbaru,Ogbaru,
874,level2,NG_2_006005,level1,NG_1_006,2009,Ogbia,Ogbia,
875,level2,NG_2_031021,level1,NG_1_031,2009,Ogbomosho North,Ogbomosho North,
876,level2,NG_2_031022,level1,NG_1_031,2009,Ogbomosho South,Ogbomosho South,
877,level2,NG_2_031023,level1,NG_1_031,2009,Ogo Oluwa,Ogo Oluwa,
878,level2,NG_2_009017,level1,NG_1_009,2009,Ogoja,Ogoja,
879,level2,NG_2_023015,level1,NG_1_023,2009,Ogori/Magongo,Ogori/Magongo,
880,level2,NG_2_033017,level1,NG_1_033,2009,Ogu/Bolo,Ogu/Bolo,
881,level2,NG_2_028018,level1,NG_1_028,2009,Ogun waterside,Ogun waterside,
882,level2,NG_2_017017,level1,NG_1_017,2009,Oguta,Oguta,
883,level2,NG_2_001010,level1,NG_1_001,2009,Ohafia,Ohafia,
884,level2,NG_2_017018,level1,NG_1_017,2009,Ohaji/Egbema,Ohaji/Egbema,
885,level2,NG_2_011011,level1,NG_1_011,2009,Ohaozara,Ohaozara,
886,level2,NG_2_011012,level1,NG_1_011,2009,Ohaukwu,Ohaukwu,
887,level2,NG_2_007016,level1,NG_1_007,2009,Ohimini,Ohimini,
888,level2,NG_2_014014,level1,NG_1_014,2009,Oji-River,Oji-River,
889,level2,NG_2_025017,level1,NG_1_025,2009,Ojo,Ojo,
890,level2,NG_2_007017,level1,NG_1_007,2009,Oju,Oju,
891,level2,NG_2_024014,level1,NG_1_024,2009,Oke-Ero,Oke-Ero,
892,level2,NG_2_023016,level1,NG_1_023,2009,Okehi,Okehi,
893,level2,NG_2_023017,level1,NG_1_023,2009,Okene,Okene,
894,level2,NG_2_017019,level1,NG_1_017,2009,Okigwe,Okigwe,
895,level2,NG_2_029014,level1,NG_1_029,2009,Okitipupa,Okitipupa,
896,level2,NG_2_003023,level1,NG_1_003,2009,Okobo,Okobo,
897,level2,NG_2_010013,level1,NG_1_010,2009,Okpe,Okpe,
898,level2,NG_2_007018,level1,NG_1_007,2009,Okpokwu,Okpokwu,
899,level2,NG_2_033018,level1,NG_1_033,2009,Okrika,Okrika,
900,level2,NG_2_030026,level1,NG_1_030,2009,Ola-oluwa,Ola-oluwa,
901,level2,NG_2_023018,level1,NG_1_023,2009,Olamabolo,Olamabolo,
902,level2,NG_2_030027,level1,NG_1_030,2009,Olorunda,Olorunda,
903,level2,NG_2_031024,level1,NG_1_031,2009,Olorunsogo,Olorunsogo,
904,level2,NG_2_031025,level1,NG_1_031,2009,Oluyole,Oluyole,
905,level2,NG_2_023019,level1,NG_1_023,2009,Omala,Omala,
906,level2,NG_2_033019,level1,NG_1_033,2009,Omumma,Omumma,
907,level2,NG_2_031026,level1,NG_1_031,2009,Ona-Ara,Ona-Ara,
908,level2,NG_2_029015,level1,NG_1_029,2009,Ondo East,Ondo East,
909,level2,NG_2_029016,level1,NG_1_029,2009,Ondo West,Ondo West,
910,level2,NG_2_011013,level1,NG_1_011,2009,Onicha,Onicha,
911,level2,NG_2_004017,level1,NG_1_004,2009,Onitsha North,Onitsha North,
912,level2,NG_2_004018,level1,NG_1_004,2009,Onitsha South,Onitsha South,
913,level2,NG_2_003024,level1,NG_1_003,2009,Onna,Onna,
914,level2,NG_2_033020,level1,NG_1_033,2009,Opobo/Nkoro,Opobo/Nkoro,
915,level2,NG_2_012012,level1,NG_1_012,2009,Oredo,Oredo,
916,level2,NG_2_031027,level1,NG_1_031,2009,Orelope,Orelope,
917,level2,NG_2_012013,level1,NG_1_012,2009,Orhionmwon,Orhionmwon,
918,level2,NG_2_031028,level1,NG_1_031,2009,Ori Ire,Ori Ire,
919,level2,NG_2_030028,level1,NG_1_030,2009,Oriade,Oriade,
920,level2,NG_2_017020,level1,NG_1_017,2009,Orlu,Orlu,
921,level2,NG_2_030029,level1,NG_1_030,2009,Orolu,Orolu,
922,level2,NG_2_003025,level1,NG_1_003,2009,Oron,Oron,
923,level2,NG_2_017021,level1,NG_1_017,2009,Orsu,Orsu,
924,level2,NG_2_017022,level1,NG_1_017,2009,Oru East,Oru East,
925,level2,NG_2_017023,level1,NG_1_017,2009,Oru West,Oru West,
926,level2,NG_2_003026,level1,NG_1_003,2009,Oruk Anam,Oruk Anam,
927,level2,NG_2_004019,level1,NG_1_004,2009,Orumba North,Orumba North,
928,level2,NG_2_004020,level1,NG_1_004,2009,Orumba South,Orumba South,
929,level2,NG_2_029017,level1,NG_1_029,2009,Ose,Ose,
930,level2,NG_2_010014,level1,NG_1_010,2009,Oshimili North,Oshimili North,
931,level2,NG_2_010015,level1,NG_1_010,2009,Oshimili South,Oshimili South,
932,level2,NG_2_025018,level1,NG_1_025,2009,Oshodi-Isolo,Oshodi-Isolo,
933,level2,NG_2_001011,level1,NG_1_001,2009,Osisioma Ngwa,Osisioma Ngwa,
934,level2,NG_2_030030,level1,NG_1_030,2009,Osogbo,Osogbo,
935,level2,NG_2_007019,level1,NG_1_007,2009,Oturkpo,Oturkpo,
936,level2,NG_2_012014,level1,NG_1_012,2009,Ovia North East,Ovia North East,
937,level2,NG_2_012015,level1,NG_1_012,2009,Ovia South West,Ovia South West,
938,level2,NG_2_012016,level1,NG_1_012,2009,Owan East,Owan East,
939,level2,NG_2_012017,level1,NG_1_012,2009,Owan West,Owan West,
940,level2,NG_2_017026,level1,NG_1_017,2009,Owerri-Municipal,Owerri-Municipal,
941,level2,NG_2_017024,level1,NG_1_017,2009,Owerri North,Owerri North,
942,level2,NG_2_017025,level1,NG_1_017,2009,Owerri West,Owerri West,
943,level2,NG_2_029018,level1,NG_1_029,2009,Owo,Owo,
944,level2,NG_2_013016,level1,NG_1_013,2009,Oye,Oye,
945,level2,NG_2_004021,level1,NG_1_004,2009,Oyi,Oyi,
946,level2,NG_2_033021,level1,NG_1_033,2009,Oyigbo,Oyigbo,
947,level2,NG_2_031029,level1,NG_1_031,2009,Oyo East,Oyo East,
948,level2,NG_2_031030,level1,NG_1_031,2009,Oyo West,Oyo West,
949,level2,NG_2_024015,level1,NG_1_024,2009,Oyun,Oyun,
950,level2,NG_2_027019,level1,NG_1_027,2009,Paikoro,Paikoro,
951,level2,NG_2_032013,level1,NG_1_032,2009,Pankshin,Pankshin,
952,level2,NG_2_010016,level1,NG_1_010,2009,Patani,Patani,
953,level2,NG_2_024016,level1,NG_1_024,2009,Pategi,Pategi,
954,level2,NG_2_033022,level1,NG_1_033,2009,Port-Harcourt,Port-Harcourt,
955,level2,NG_2_036014,level1,NG_1_036,2009,Potiskum,Potiskum,
956,level2,NG_2_032014,level1,NG_1_032,2009,'Qua''an Pan','Qua''an Pan',
957,level2,NG_2_034012,level1,NG_1_034,2009,Rabah,Rabah,
958,level2,NG_2_027020,level1,NG_1_027,2009,Rafi,Rafi,
959,level2,NG_2_020032,level1,NG_1_020,2009,Rano,Rano,
960,level2,NG_2_028019,level1,NG_1_028,2009,Remo North,Remo North,
961,level2,NG_2_027021,level1,NG_1_027,2009,Rijau,Rijau,
962,level2,NG_2_021030,level1,NG_1_021,2009,Rimi,Rimi,
963,level2,NG_2_020033,level1,NG_1_020,2009,Rimin Gado,Rimin Gado,
964,level2,NG_2_018023,level1,NG_1_018,2009,Ringim,Ringim,
965,level2,NG_2_032015,level1,NG_1_032,2009,Riyom,Riyom,
966,level2,NG_2_020034,level1,NG_1_020,2009,Rogo,Rogo,
967,level2,NG_2_018024,level1,NG_1_018,2009,Roni,Roni,
968,level2,NG_2_019019,level1,NG_1_019,2009,Sabon-Gari,Sabon-Gari,
969,level2,NG_2_034013,level1,NG_1_034,2009,Sabon Birni,Sabon Birni,
970,level2,NG_2_021031,level1,NG_1_021,2009,Sabuwa,Sabuwa,
971,level2,NG_2_021032,level1,NG_1_021,2009,Safana,Safana,
972,level2,NG_2_006006,level1,NG_1_006,2009,Sagbama,Sagbama,
973,level2,NG_2_022016,level1,NG_1_022,2009,Sakaba,Sakaba,
974,level2,NG_2_031031,level1,NG_1_031,2009,Saki East,Saki East,
975,level2,NG_2_031032,level1,NG_1_031,2009,Saki West,Saki West,
976,level2,NG_2_021033,level1,NG_1_021,2009,Sandamu,Sandamu,
977,level2,NG_2_019020,level1,NG_1_019,2009,Sanga,Sanga,
978,level2,NG_2_010017,level1,NG_1_010,2009,Sapele,Sapele,
979,level2,NG_2_035011,level1,NG_1_035,2009,Sardauna,Sardauna,
980,level2,NG_2_028020,level1,NG_1_028,2009,Shagamu,Shagamu,
981,level2,NG_2_034014,level1,NG_1_034,2009,Shagari,Shagari,
982,level2,NG_2_022017,level1,NG_1_022,2009,Shanga,Shanga,
983,level2,NG_2_008027,level1,NG_1_008,2009,Shani,Shani,
984,level2,NG_2_020035,level1,NG_1_020,2009,Shanono,Shanono,
985,level2,NG_2_002017,level1,NG_1_002,2009,Shelleng,Shelleng,
986,level2,NG_2_032016,level1,NG_1_032,2009,Shendam,Shendam,
987,level2,NG_2_037011,level1,NG_1_037,2009,Shinkafi,Shinkafi,
988,level2,NG_2_005016,level1,NG_1_005,2009,Shira,Shira,
989,level2,NG_2_027022,level1,NG_1_027,2009,Shiroro,Shiroro,
990,level2,NG_2_016010,level1,NG_1_016,2009,Shomgom,Shomgom,
991,level2,NG_2_025019,level1,NG_1_025,2009,Shomolu,Shomolu,
992,level2,NG_2_034015,level1,NG_1_034,2009,Silame,Silame,
993,level2,NG_2_019021,level1,NG_1_019,2009,Soba,Soba,
994,level2,NG_2_034016,level1,NG_1_034,2009,Sokoto North,Sokoto North,
995,level2,NG_2_034017,level1,NG_1_034,2009,Sokoto South,Sokoto South,
996,level2,NG_2_002018,level1,NG_1_002,2009,Song,Song,
997,level2,NG_2_006007,level1,NG_1_006,2009,Southern Ijaw,Southern Ijaw,
998,level2,NG_2_018025,level1,NG_1_018,2009,Sule-Tankarkar,Sule-Tankarkar,
999,level2,NG_2_027023,level1,NG_1_027,2009,Suleja,Suleja,
1000,level2,NG_2_020036,level1,NG_1_020,2009,Sumaila,Sumaila,
1001,level2,NG_2_022018,level1,NG_1_022,2009,Suru,Suru,
1002,level2,NG_2_025020,level1,NG_1_025,2009,Surulere,Surulere,
1003,level2,NG_2_031033,level1,NG_1_031,2009,Surulere,Surulere,
1004,level2,NG_2_027024,level1,NG_1_027,2009,Tafa,Tafa,
1005,level2,NG_2_005017,level1,NG_1_005,2009,Tafawa-Balewa,Tafawa-Balewa,
1006,level2,NG_2_033023,level1,NG_1_033,2009,Tai,Tai,
1007,level2,NG_2_020037,level1,NG_1_020,2009,Takai,Takai,
1008,level2,NG_2_035012,level1,NG_1_035,2009,Takum,Takum,
1009,level2,NG_2_037012,level1,NG_1_037,2009,Talata Mafara,Talata Mafara,
1010,level2,NG_2_034018,level1,NG_1_034,2009,Tambuwal,Tambuwal,
1011,level2,NG_2_034019,level1,NG_1_034,2009,Tangaza,Tangaza,
1012,level2,NG_2_020038,level1,NG_1_020,2009,Tarauni,Tarauni,
1013,level2,NG_2_007020,level1,NG_1_007,2009,Tarka,Tarka,
1014,level2,NG_2_036015,level1,NG_1_036,2009,Tarmua,Tarmua,
1015,level2,NG_2_018026,level1,NG_1_018,2009,Taura,Taura,
1016,level2,NG_2_020039,level1,NG_1_020,2009,Tofa,Tofa,
1017,level2,NG_2_005018,level1,NG_1_005,2009,Toro,Toro,
1018,level2,NG_2_026012,level1,NG_1_026,2009,Toto,Toto,
1019,level2,NG_2_002019,level1,NG_1_002,2009,Toungo,Toungo,
1020,level2,NG_2_037013,level1,NG_1_037,2009,Tsafe,Tsafe,
1021,level2,NG_2_020040,level1,NG_1_020,2009,Tsanyawa,Tsanyawa,
1022,level2,NG_2_020041,level1,NG_1_020,2009,Tudun Wada,Tudun Wada,
1023,level2,NG_2_034020,level1,NG_1_034,2009,Tureta,Tureta,
1024,level2,NG_2_014015,level1,NG_1_014,2009,Udenu,Udenu,
1025,level2,NG_2_014016,level1,NG_1_014,2009,Udi,Udi,
1026,level2,NG_2_010018,level1,NG_1_010,2009,Udu,Udu,
1027,level2,NG_2_003027,level1,NG_1_003,2009,Udung Uko,Udung Uko,
1028,level2,NG_2_010019,level1,NG_1_010,2009,Ughelli North,Ughelli North,
1029,level2,NG_2_010020,level1,NG_1_010,2009,Ughelli South,Ughelli South,
1030,level2,NG_2_001012,level1,NG_1_001,2009,Ugwunagbo,Ugwunagbo,
1031,level2,NG_2_012018,level1,NG_1_012,2009,Uhunmwonde,Uhunmwonde,
1032,level2,NG_2_003028,level1,NG_1_003,2009,Ukanafun,Ukanafun,
1033,level2,NG_2_007021,level1,NG_1_007,2009,Ukum,Ukum,
1034,level2,NG_2_001013,level1,NG_1_001,2009,Ukwa East,Ukwa East,
1035,level2,NG_2_001014,level1,NG_1_001,2009,Ukwa West,Ukwa West,
1036,level2,NG_2_010021,level1,NG_1_010,2009,Ukwuani,Ukwuani,
1037,level2,NG_2_001017,level1,NG_1_001,2009,Umu-Nneochi,Umu-Nneochi,
1038,level2,NG_2_001015,level1,NG_1_001,2009,Umuahia North,Umuahia North,
1039,level2,NG_2_001016,level1,NG_1_001,2009,Umuahia South,Umuahia South,
1040,level2,NG_2_020042,level1,NG_1_020,2009,Ungogo,Ungogo,
1041,level2,NG_2_017027,level1,NG_1_017,2009,Unuimo,Unuimo,
1042,level2,NG_2_003029,level1,NG_1_003,2009,Uruan,Uruan,
1043,level2,NG_2_003030,level1,NG_1_003,2009,Urue-Offong/Oruko,Urue-Offong/Oruko,
1044,level2,NG_2_007022,level1,NG_1_007,2009,Ushongo,Ushongo,
1045,level2,NG_2_035013,level1,NG_1_035,2009,Ussa,Ussa,
1046,level2,NG_2_010022,level1,NG_1_010,2009,Uvwie,Uvwie,
1047,level2,NG_2_003031,level1,NG_1_003,2009,Uyo,Uyo,
1048,level2,NG_2_014017,level1,NG_1_014,2009,Uzo-Uwani,Uzo-Uwani,
1049,level2,NG_2_007023,level1,NG_1_007,2009,Vandeikya,Vandeikya,
1050,level2,NG_2_034021,level1,NG_1_034,2009,Wamako,Wamako,
1051,level2,NG_2_026013,level1,NG_1_026,2009,Wamba,Wamba,
1052,level2,NG_2_020043,level1,NG_1_020,2009,Warawa,Warawa,
1053,level2,NG_2_005019,level1,NG_1_005,2009,Warji,Warji,
1054,level2,NG_2_010023,level1,NG_1_010,2009,Warri North,Warri North,
1055,level2,NG_2_010024,level1,NG_1_010,2009,Warri South,Warri South,
1056,level2,NG_2_010025,level1,NG_1_010,2009,Warri South West,Warri South West,
1057,level2,NG_2_022019,level1,NG_1_022,2009,Wasagu/Danko,Wasagu/Danko,
1058,level2,NG_2_032017,level1,NG_1_032,2009,Wase,Wase,
1059,level2,NG_2_020044,level1,NG_1_020,2009,Wudil,Wudil,
1060,level2,NG_2_035014,level1,NG_1_035,2009,Wukari,Wukari,
1061,level2,NG_2_034022,level1,NG_1_034,2009,Wurno,Wurno,
1062,level2,NG_2_027025,level1,NG_1_027,2009,Wushishi,Wushishi,
1063,level2,NG_2_034023,level1,NG_1_034,2009,Yabo,Yabo,
1064,level2,NG_2_023020,level1,NG_1_023,2009,Yagba East,Yagba East,
1065,level2,NG_2_023021,level1,NG_1_023,2009,Yagba West,Yagba West,
1066,level2,NG_2_009018,level1,NG_1_009,2009,Yakurr,Yakurr,
1067,level2,NG_2_009019,level1,NG_1_009,2009,Yala,Yala,
1068,level2,NG_2_016011,level1,NG_1_016,2009,Yamaltu/Deba,Yamaltu/Deba,
1069,level2,NG_2_018027,level1,NG_1_018,2009,Yankwashi,Yankwashi,
1070,level2,NG_2_022020,level1,NG_1_022,2009,Yauri,Yauri,
1071,level2,NG_2_006008,level1,NG_1_006,2009,Yenegoa,Yenegoa,
1072,level2,NG_2_002020,level1,NG_1_002,2009,Yola North,Yola North,
1073,level2,NG_2_002021,level1,NG_1_002,2009,Yola South,Yola South,
1074,level2,NG_2_035015,level1,NG_1_035,2009,Yorro,Yorro,
1075,level2,NG_2_036016,level1,NG_1_036,2009,Yunusari,Yunusari,
1076,level2,NG_2_036017,level1,NG_1_036,2009,Yusufari,Yusufari,
1077,level2,NG_2_005020,level1,NG_1_005,2009,Zaki,Zaki,
1078,level2,NG_2_021034,level1,NG_1_021,2009,Zango,Zango,
1079,level2,NG_2_019022,level1,NG_1_019,2009,Zango-Kataf,Zango-Kataf,
1080,level2,NG_2_019023,level1,NG_1_019,2009,Zaria,Zaria,
1081,level2,NG_2_035016,level1,NG_1_035,2009,Zing,Zing,
1082,level2,NG_2_037014,level1,NG_1_037,2009,Zurmi,Zurmi,
1083,level2,NG_2_022021,level1,NG_1_022,2009,Zuru,Zuru,
1084,level2,ZA_2_00101,level1,ZA_1_001,2009,West Coast,West Coast,31301.24177
1085,level2,ZA_2_00102,level1,ZA_1_001,2009,Cape Winelands,Cape Winelands,21587.34275
1086,level2,ZA_2_00103,level1,ZA_1_001,2009,Overberg,Overberg,12301.13312
1087,level2,ZA_2_00104,level1,ZA_1_001,2009,Garden Route,Garden Route,23450.63926
1088,level2,ZA_2_00105,level1,ZA_1_001,2009,Central Karoo,Central Karoo,39073.08713
1089,level2,ZA_2_00191,level1,ZA_1_001,2009,City of Cape Town,City of Cape Town,2439.78
1090,level2,ZA_2_00210,level1,ZA_1_002,2009,Sarah Baartman,Sarah Baartman,58560.77988
1091,level2,ZA_2_00212,level1,ZA_1_002,2009,Amathole,Amathole,21717.32609
1092,level2,ZA_2_00213,level1,ZA_1_002,2009,Chris Hani,Chris Hani,36360.22717
1093,level2,ZA_2_00214,level1,ZA_1_002,2009,Joe Gqabi,Joe Gqabi,25825.64997
1094,level2,ZA_2_00215,level1,ZA_1_002,2009,O.R.Tambo,O.R.Tambo,12169.66722
1095,level2,ZA_2_00244,level1,ZA_1_002,2009,Alfred Nzo,Alfred Nzo,10800.59213
1096,level2,ZA_2_00292,level1,ZA_1_002,2009,Buffalo City,Buffalo City,2535.93
1097,level2,ZA_2_00293,level1,ZA_1_002,2009,Nelson Mandela Bay,Nelson Mandela Bay,1958.91
1098,level2,ZA_2_00306,level1,ZA_1_003,2009,Namakwa,Namakwa,127663.2687
1099,level2,ZA_2_00307,level1,ZA_1_003,2009,Pixley ka Seme,Pixley ka Seme,5227.21
1100,level2,ZA_2_00308,level1,ZA_1_003,2009,Z F Mgcawu,Z F Mgcawu,103297.2981
1101,level2,ZA_2_00309,level1,ZA_1_003,2009,Frances Baard,Frances Baard,12930.93473
1102,level2,ZA_2_00345,level1,ZA_1_003,2009,John Taolo Gaetsewe,John Taolo Gaetsewe,27498.91372
1103,level2,ZA_2_00416,level1,ZA_1_004,2009,Xhariep,Xhariep,37930.04968
1104,level2,ZA_2_00418,level1,ZA_1_004,2009,Lejweleputswa,Lejweleputswa,32168.02984
1105,level2,ZA_2_00419,level1,ZA_1_004,2009,Thabo Mofutsanyane,Thabo Mofutsanyane,33516.84503
1106,level2,ZA_2_00420,level1,ZA_1_004,2009,Fezile Dabi,Fezile Dabi,20829.12015
1107,level2,ZA_2_00494,level1,ZA_1_004,2009,Mangaung,Mangaung,6283.99
1108,level2,ZA_2_00521,level1,ZA_1_005,2009,Ugu,Ugu,5079.769482
1109,level2,ZA_2_00522,level1,ZA_1_005,2009,Umgungundlovu,Umgungundlovu,9578.936505
1110,level2,ZA_2_00523,level1,ZA_1_005,2009,Uthukela,Uthukela,11408.30481
1111,level2,ZA_2_00524,level1,ZA_1_005,2009,Umzinyathi,Umzinyathi,8651.941175
1112,level2,ZA_2_00525,level1,ZA_1_005,2009,Amajuba,Amajuba,6963.333221
1113,level2,ZA_2_00526,level1,ZA_1_005,2009,Zululand,Zululand,14911.66104
1114,level2,ZA_2_00527,level1,ZA_1_005,2009,Umkhanyakude,Umkhanyakude,13961.86292
1115,level2,ZA_2_00528,level1,ZA_1_005,2009,King Cetshwayo,King Cetshwayo,8273.054959
1116,level2,ZA_2_00529,level1,ZA_1_005,2009,iLembe,iLembe,3292.259213
1117,level2,ZA_2_00543,level1,ZA_1_005,2009,Harry Gwala,Harry Gwala,10618.03348
1118,level2,ZA_2_00595,level1,ZA_1_005,2009,eThekwini,eThekwini,2291.31
1119,level2,ZA_2_00637,level1,ZA_1_006,2009,Bojanala,Bojanala,18489.53363
1120,level2,ZA_2_00638,level1,ZA_1_006,2009,Ngaka Modiri Molema,Ngaka Modiri Molema,28440.78668
1121,level2,ZA_2_00639,level1,ZA_1_006,2009,Dr Ruth Segomotsi Mompati,Dr Ruth Segomotsi Mompati,44052.39039
1122,level2,ZA_2_00640,level1,ZA_1_006,2009,Dr Kenneth Kaunda,Dr Kenneth Kaunda,14759.38921
1123,level2,ZA_2_00742,level1,ZA_1_007,2009,Sedibeng,Sedibeng,4206.527791
1124,level2,ZA_2_00748,level1,ZA_1_007,2009,West Rand,West Rand,4120.993004
1125,level2,ZA_2_00797,level1,ZA_1_007,2009,Ekurhuleni,Ekurhuleni,1975.26
1126,level2,ZA_2_00798,level1,ZA_1_007,2009,City of Johannesburg,City of Johannesburg,1644.98
1127,level2,ZA_2_00799,level1,ZA_1_007,2009,City of Tshwane,City of Tshwane,6297.88
1128,level2,ZA_2_00830,level1,ZA_1_008,2009,Gert Sibande,Gert Sibande,32097.27322
1129,level2,ZA_2_00831,level1,ZA_1_008,2009,Nkangala,Nkangala,16899.21865
1130,level2,ZA_2_00832,level1,ZA_1_008,2009,Ehlanzeni,Ehlanzeni,28136.99424
1131,level2,ZA_2_00933,level1,ZA_1_009,2009,Mopani,Mopani,20193.31667
1132,level2,ZA_2_00934,level1,ZA_1_009,2009,Vhembe,Vhembe,25838.91593
1133,level2,ZA_2_00935,level1,ZA_1_009,2009,Capricorn,Capricorn,21905.34653
1134,level2,ZA_2_00936,level1,ZA_1_009,2009,Waterberg,Waterberg,45315.64308
1135,level2,ZA_2_00947,level1,ZA_1_009,2009,Sekhukhune,Sekhukhune,13645.88075
1349,level2,KE_2_027144,level1,KE_1_027,2009,Ainabkoi,Ainabkoi,492.9
1350,level2,KE_2_035190,level1,KE_1_035,2009,Ainamoi,Ainamoi,
1351,level2,KE_2_029152,level1,KE_1_029,2009,Aldai,Aldai,
1352,level2,KE_2_041234,level1,KE_1_041,2009,Alego Usonga,Alego Usonga,
1353,level2,KE_2_044254,level1,KE_1_044,2009,Awendo,Awendo,255.3
1354,level2,KE_2_032174,level1,KE_1_032,2009,Bahati,Bahati,
1355,level2,KE_2_007028,level1,KE_1_007,2009,Balambala,Balambala,3684.1
1356,level2,KE_2_009040,level1,KE_1_009,2009,Banissa,Banissa,3942.7
1357,level2,KE_2_030159,level1,KE_1_030,2009,Baringo Central,Baringo Central,786.5
1358,level2,KE_2_030158,level1,KE_1_030,2009,Baringo North,Baringo North,1629.3
1359,level2,KE_2_030160,level1,KE_1_030,2009,Baringo South,Baringo South,
1360,level2,KE_2_035192,level1,KE_1_035,2009,Belgut,Belgut,264.3
1361,level2,KE_2_045264,level1,KE_1_045,2009,Bobasi,Bobasi,
1362,level2,KE_2_045263,level1,KE_1_045,2009,Bomachoge Borabu,Bomachoge Borabu,
1363,level2,KE_2_045265,level1,KE_1_045,2009,Bomachoge Chache,Bomachoge Chache,
1364,level2,KE_2_036197,level1,KE_1_036,2009,Bomet Central,Bomet Central,286.1
1365,level2,KE_2_036196,level1,KE_1_036,2009,Bomet East,Bomet East,305
1366,level2,KE_2_045261,level1,KE_1_045,2009,Bonchari,Bonchari,
1367,level2,KE_2_041236,level1,KE_1_041,2009,Bondo,Bondo,598.8
1368,level2,KE_2_046273,level1,KE_1_046,2009,Borabu,Borabu,246.9
1369,level2,KE_2_040231,level1,KE_1_040,2009,Budalangi,Budalangi,
1370,level2,KE_2_039219,level1,KE_1_039,2009,Bumula,Bumula,345.2
1371,level2,KE_2_004020,level1,KE_1_004,2009,Bura,Bura,
1372,level2,KE_2_035191,level1,KE_1_035,2009,Buret,Buret,
1373,level2,KE_2_037207,level1,KE_1_037,2009,Butere,Butere,210.1
1374,level2,KE_2_040229,level1,KE_1_040,2009,Butula,Butula,243.6
1375,level2,KE_2_012057,level1,KE_1_012,2009,Buuri,Buuri,
1376,level2,KE_2_012058,level1,KE_1_012,2009,Cental Imenti,Cental Imenti,
1377,level2,KE_2_001001,level1,KE_1_001,2009,Changamwe,Changamwe,17.7
1378,level2,KE_2_036195,level1,KE_1_036,2009,Chepalungu,Chepalungu,460.5
1379,level2,KE_2_026140,level1,KE_1_026,2009,Cherangany,Cherangany,
1380,level2,KE_2_029154,level1,KE_1_029,2009,Chesumei,Chesumei,474.6
1381,level2,KE_2_007030,level1,KE_1_007,2009,Dadaab,Dadaab,6479.8
1382,level2,KE_2_047276,level1,KE_1_047,2009,Dagoretti,Dagoretti,29.1
1383,level2,KE_2_007027,level1,KE_1_007,2009,Dujis,Dujis,
1384,level2,KE_2_030162,level1,KE_1_030,2009,Eldama Ravine,Eldama Ravine,
1385,level2,KE_2_008037,level1,KE_1_008,2009,Eldas,Eldas,4444
1386,level2,KE_2_047284,level1,KE_1_047,2009,Embakasi Central,Embakasi Central,
1387,level2,KE_2_047285,level1,KE_1_047,2009,Embakasi East,Embakasi East,
1388,level2,KE_2_047283,level1,KE_1_047,2009,Embakasi North,Embakasi North,
1389,level2,KE_2_047282,level1,KE_1_047,2009,Embakasi South,Embakasi South,
1390,level2,KE_2_047286,level1,KE_1_047,2009,Embakasi West,Embakasi West,
1391,level2,KE_2_029155,level1,KE_1_029,2009,Emgwen,Emgwen,
1392,level2,KE_2_038215,level1,KE_1_038,2009,Emuhaya,Emuhaya,89
1393,level2,KE_2_033178,level1,KE_1_033,2009,Emurua Dikirr,Emurua Dikirr,
1394,level2,KE_2_026137,level1,KE_1_026,2009,Endebess,Endebess,678.4
1395,level2,KE_2_007031,level1,KE_1_007,2009,Fafi,Fafi,15072.9
1396,level2,KE_2_040230,level1,KE_1_040,2009,Funyula,Funyula,
1397,level2,KE_2_014065,level1,KE_1_014,2009,Gachoka,Gachoka,
1398,level2,KE_2_004019,level1,KE_1_004,2009,Galole,Galole,
1399,level2,KE_2_003015,level1,KE_1_003,2009,Ganze,Ganze,3204.4
1400,level2,KE_2_004018,level1,KE_1_004,2009,Garsen,Garsen,
1401,level2,KE_2_021110,level1,KE_1_021,2009,Gatanga,Gatanga,532.3
1402,level2,KE_2_022112,level1,KE_1_022,2009,Gatundu North,Gatundu North,285.9
1403,level2,KE_2_022111,level1,KE_1_022,2009,Gatundu South,Gatundu South,193.6
1404,level2,KE_2_041235,level1,KE_1_041,2009,Gem,Gem,405.3
1405,level2,KE_2_020101,level1,KE_1_020,2009,Gichugu,Gichugu,
1406,level2,KE_2_032169,level1,KE_1_032,2009,Gilgil,Gilgil,1075.4
1407,level2,KE_2_022116,level1,KE_1_022,2009,Githunguri,Githunguri,174.4
1408,level2,KE_2_038213,level1,KE_1_038,2009,Hamisi,Hamisi,157.2
1409,level2,KE_2_043249,level1,KE_1_043,2009,Homa Bay,Homa Bay,182
1410,level2,KE_2_012052,level1,KE_1_012,2009,Igembe Central,Igembe Central,
1411,level2,KE_2_012053,level1,KE_1_012,2009,Igembe North,Igembe North,
1412,level2,KE_2_012051,level1,KE_1_012,2009,Igembe South,Igembe South,
1413,level2,KE_2_007032,level1,KE_1_007,2009,Ijara,Ijara,2438.9
1414,level2,KE_2_037210,level1,KE_1_037,2009,Ikolomani,Ikolomani,
1415,level2,KE_2_011049,level1,KE_1_011,2009,Isiolo North,Isiolo North,
1416,level2,KE_2_011050,level1,KE_1_011,2009,Isiolo South,Isiolo South,
1417,level2,KE_2_001002,level1,KE_1_001,2009,Jomvu,Jomvu,36.9
1418,level2,KE_2_022113,level1,KE_1_022,2009,Juja,Juja,342
1419,level2,KE_2_022119,level1,KE_1_022,2009,Kabete,Kabete,60.7
1420,level2,KE_2_043246,level1,KE_1_043,2009,Kabondo Kasipul,Kabondo Kasipul,
1421,level2,KE_2_039218,level1,KE_1_039,2009,Kabuchai,Kabuchai,
1422,level2,KE_2_024131,level1,KE_1_024,2009,Kacheliba,Kacheliba,
1423,level2,KE_2_017085,level1,KE_1_017,2009,Kaiti,Kaiti,
1424,level2,KE_2_034184,level1,KE_1_034,2009,Kajiado Central,Kajiado Central,4239.5
1425,level2,KE_2_034186,level1,KE_1_034,2009,Kajiado East,Kajiado East,
1426,level2,KE_2_034183,level1,KE_1_034,2009,Kajiado North,Kajiado North,110.6
1427,level2,KE_2_034187,level1,KE_1_034,2009,Kajiado South,Kajiado South,
1428,level2,KE_2_034185,level1,KE_1_034,2009,Kajiado West,Kajiado West,7862.1
1429,level2,KE_2_003013,level1,KE_1_003,2009,Kaloleni,Kaloleni,706.1
1430,level2,KE_2_047288,level1,KE_1_047,2009,Kamukunji,Kamukunji,10.5
1431,level2,KE_2_021109,level1,KE_1_021,2009,Kandara,Kandara,234.6
1432,level2,KE_2_039220,level1,KE_1_039,2009,Kanduyi,Kanduyi,
1433,level2,KE_2_021104,level1,KE_1_021,2009,Kangema,Kangema,173.7
1434,level2,KE_2_016077,level1,KE_1_016,2009,Kangundo,Kangundo,172.7
1435,level2,KE_2_024129,level1,KE_1_024,2009,Kapenguria,Kapenguria,
1436,level2,KE_2_027145,level1,KE_1_027,2009,Kapseret,Kapseret,299.3
1437,level2,KE_2_043247,level1,KE_1_043,2009,Karachuonyo,Karachuonyo,
1438,level2,KE_2_047280,level1,KE_1_047,2009,Kasarani,Kasarani,86.2
1439,level2,KE_2_043245,level1,KE_1_043,2009,Kasipul,Kasipul,
1440,level2,KE_2_016079,level1,KE_1_016,2009,Kathiani,Kathiani,205.6
1441,level2,KE_2_028149,level1,KE_1_028,2009,Keiyo North,Keiyo North,543.2
1442,level2,KE_2_028150,level1,KE_1_028,2009,Keiyo South,Keiyo South,897.8
1443,level2,KE_2_027146,level1,KE_1_027,2009,Kesses,Kesses,731
1444,level2,KE_2_037208,level1,KE_1_037,2009,Khwisero,Khwisero,145.6
1445,level2,KE_2_022118,level1,KE_1_022,2009,Kiambaa,Kiambaa,91.1
1446,level2,KE_2_022117,level1,KE_1_022,2009,Kiambu,Kiambu,98.3
1447,level2,KE_2_047278,level1,KE_1_047,2009,Kibra,Kibra,12.1
1448,level2,KE_2_017088,level1,KE_1_017,2009,Kibwezi East,Kibwezi East,
1449,level2,KE_2_017087,level1,KE_1_017,2009,Kibwezi West,Kibwezi West,
1450,level2,KE_2_019095,level1,KE_1_019,2009,Kieni,Kieni,
1451,level2,KE_2_021107,level1,KE_1_021,2009,Kigumo,Kigumo,244.2
1452,level2,KE_2_021106,level1,KE_1_021,2009,Kiharu,Kiharu,
1453,level2,KE_2_022120,level1,KE_1_022,2009,Kikuyu,Kikuyu,172.9
1454,level2,KE_2_033177,level1,KE_1_033,2009,Kilgoris,Kilgoris,
1455,level2,KE_2_003011,level1,KE_1_003,2009,Kilifi North,Kilifi North,264.4
1456,level2,KE_2_003012,level1,KE_1_003,2009,Kilifi South,Kilifi South,290.5
1457,level2,KE_2_047275,level1,KE_1_047,2009,Kilimani,Kilimani,
1458,level2,KE_2_017084,level1,KE_1_017,2009,Kilome,Kilome,
1459,level2,KE_2_039223,level1,KE_1_039,2009,Kimilili,Kimilili,
1460,level2,KE_2_026139,level1,KE_1_026,2009,Kiminini,Kiminini,366.9
1461,level2,KE_2_002010,level1,KE_1_002,2009,Kinango,Kinango,1614
1462,level2,KE_2_018089,level1,KE_1_018,2009,Kinangop,Kinangop,293.6
1463,level2,KE_2_018090,level1,KE_1_018,2009,Kipipiri,Kipipiri,456.3
1464,level2,KE_2_035188,level1,KE_1_035,2009,Kipkelion East,Kipkelion East,
1465,level2,KE_2_035189,level1,KE_1_035,2009,Kipkelion West,Kipkelion West,
1466,level2,KE_2_020103,level1,KE_1_020,2009,Kirinyaga Central,Kirinyaga Central,153.3
1467,level2,KE_2_001003,level1,KE_1_001,2009,Kisauni,Kisauni,87.7
1468,level2,KE_2_042240,level1,KE_1_042,2009,Kisumu Central,Kisumu Central,36.8
1469,level2,KE_2_042238,level1,KE_1_042,2009,Kisumu East,Kisumu East,141.6
1470,level2,KE_2_042239,level1,KE_1_042,2009,Kisumu West,Kisumu West,209
1471,level2,KE_2_015072,level1,KE_1_015,2009,Kitui Central,Kitui Central,421.8
1472,level2,KE_2_015073,level1,KE_1_015,2009,Kitui East,Kitui East,
1473,level2,KE_2_015071,level1,KE_1_015,2009,Kitui Rural,Kitui Rural,
1474,level2,KE_2_015074,level1,KE_1_015,2009,Kitui South,Kitui South,
1475,level2,KE_2_015070,level1,KE_1_015,2009,Kitui West,Kitui West,416.4
1476,level2,KE_2_045268,level1,KE_1_045,2009,Kitutu Chache North,Kitutu Chache North,
1477,level2,KE_2_045269,level1,KE_1_045,2009,Kitutu Chache South,Kitutu Chache South,
1478,level2,KE_2_046270,level1,KE_1_046,2009,Kitutu Masaba,Kitutu Masaba,
1479,level2,KE_2_036198,level1,KE_1_036,2009,Konoin,Konoin,392.5
1480,level2,KE_2_032171,level1,KE_1_032,2009,Kuresoi North,Kuresoi North,618.1
1481,level2,KE_2_032170,level1,KE_1_032,2009,Kuresoi South,Kuresoi South,548.2
1482,level2,KE_2_044260,level1,KE_1_044,2009,Kuria East,Kuria East,187.6
1483,level2,KE_2_044259,level1,KE_1_044,2009,Kuria West,Kuria West,395.7
1484,level2,KE_2_026136,level1,KE_1_026,2009,Kwanza,Kwanza,465.3
1485,level2,KE_2_009044,level1,KE_1_009,2009,Lafey,Lafey,3846.3
1486,level2,KE_2_007029,level1,KE_1_007,2009,Lagdera,Lagdera,6096.4
1487,level2,KE_2_031164,level1,KE_1_031,2009,Laikipia East,Laikipia East,1539
1488,level2,KE_2_031165,level1,KE_1_031,2009,Laikipia North,Laikipia North,2575
1489,level2,KE_2_031163,level1,KE_1_031,2009,Laikipia West,Laikipia West,3372.2
1490,level2,KE_2_010048,level1,KE_1_010,2009,Laisamis,Laisamis,
1491,level2,KE_2_005021,level1,KE_1_005,2009,Lamu East,Lamu East,2336.7
1492,level2,KE_2_005022,level1,KE_1_005,2009,Lamu West,Lamu West,3916.6
1493,level2,KE_2_047277,level1,KE_1_047,2009,Langata,Langata,
1494,level2,KE_2_022122,level1,KE_1_022,2009,Lari,Lari,432.3
1495,level2,KE_2_001005,level1,KE_1_001,2009,Likoni,Likoni,40.5
1496,level2,KE_2_037200,level1,KE_1_037,2009,Likuyani,Likuyani,316.1
1497,level2,KE_2_022121,level1,KE_1_022,2009,Limuru,Limuru,285.1
1498,level2,KE_2_023126,level1,KE_1_023,2009,Loima,Loima,9113.3
1499,level2,KE_2_038214,level1,KE_1_038,2009,Luanda,Luanda,84.3
1500,level2,KE_2_037199,level1,KE_1_037,2009,Lugari,Lugari,254.3
1501,level2,KE_2_002008,level1,KE_1_002,2009,Lunga Lunga,Lunga Lunga,
1502,level2,KE_2_037202,level1,KE_1_037,2009,Lurambi,Lurambi,
1503,level2,KE_2_013061,level1,KE_1_013,2009,Maara,Maara,265.1
1504,level2,KE_2_016081,level1,KE_1_016,2009,Machakos Town,Machakos Town,
1505,level2,KE_2_003017,level1,KE_1_003,2009,Magarini,Magarini,5229.4
1506,level2,KE_2_047287,level1,KE_1_047,2009,Makadara,Makadara,11.7
1507,level2,KE_2_017086,level1,KE_1_017,2009,Makueni,Makueni,609.3
1508,level2,KE_2_037201,level1,KE_1_037,2009,Malava,Malava,
1509,level2,KE_2_003016,level1,KE_1_003,2009,Malindi,Malindi,2263.3
1510,level2,KE_2_009043,level1,KE_1_009,2009,Mandera East,Mandera East,
1511,level2,KE_2_009041,level1,KE_1_009,2009,Mandera North,Mandera North,5087.3
1512,level2,KE_2_009042,level1,KE_1_009,2009,Mandera South,Mandera South,
1513,level2,KE_2_009039,level1,KE_1_009,2009,Mandera West,Mandera West,
1514,level2,KE_2_014063,level1,KE_1_014,2009,Manyatta,Manyatta,
1515,level2,KE_2_021108,level1,KE_1_021,2009,Maragwa,Maragwa,
1516,level2,KE_2_028147,level1,KE_1_028,2009,Marakwet East,Marakwet East,
1517,level2,KE_2_028148,level1,KE_1_028,2009,Marakwet West,Marakwet West,
1518,level2,KE_2_016075,level1,KE_1_016,2009,Masinga,Masinga,
1519,level2,KE_2_040228,level1,KE_1_040,2009,Matayos,Matayos,
1520,level2,KE_2_047290,level1,KE_1_047,2009,Mathare,Mathare,3
1521,level2,KE_2_021105,level1,KE_1_021,2009,Mathioya,Mathioya,177.5
1522,level2,KE_2_019096,level1,KE_1_019,2009,Mathira,Mathira,
1523,level2,KE_2_002009,level1,KE_1_002,2009,Matuga,Matuga,1032.4
1524,level2,KE_2_037206,level1,KE_1_037,2009,Matungu,Matungu,279.1
1525,level2,KE_2_016078,level1,KE_1_016,2009,Matungulu,Matungulu,581.4
1526,level2,KE_2_016080,level1,KE_1_016,2009,Mavoko,Mavoko,
1527,level2,KE_2_017083,level1,KE_1_017,2009,Mbooni,Mbooni,
1528,level2,KE_2_030161,level1,KE_1_030,2009,Mogotio,Mogotio,1375.3
1529,level2,KE_2_027143,level1,KE_1_027,2009,Moiben,Moiben,769.8
1530,level2,KE_2_032166,level1,KE_1_032,2009,Molo,Molo,483.2
1531,level2,KE_2_029156,level1,KE_1_029,2009,Mosop,Mosop,
1532,level2,KE_2_010045,level1,KE_1_010,2009,Moyale,Moyale,3395.5
1533,level2,KE_2_002007,level1,KE_1_002,2009,Msambweni,Msambweni,
1534,level2,KE_2_039216,level1,KE_1_039,2009,Mt. Elgon,Mt. Elgon,126.5
1535,level2,KE_2_042243,level1,KE_1_042,2009,Muhoroni,Muhoroni,657.5
1536,level2,KE_2_019098,level1,KE_1_019,2009,Mukurweni,Mukurweni,
1537,level2,KE_2_037205,level1,KE_1_037,2009,Mumias East,Mumias East,
1538,level2,KE_2_037204,level1,KE_1_037,2009,Mumias West,Mumias West,
1539,level2,KE_2_001006,level1,KE_1_001,2009,Mvita,Mvita,14.6
1540,level2,KE_2_016082,level1,KE_1_016,2009,Mwala,Mwala,1020.3
1541,level2,KE_2_006025,level1,KE_1_006,2009,Mwatate,Mwatate,2722.6
1542,level2,KE_2_020100,level1,KE_1_020,2009,Mwea,Mwea,
1543,level2,KE_2_015069,level1,KE_1_015,2009,Mwingi East,Mwingi East,
1544,level2,KE_2_015067,level1,KE_1_015,2009,Mwingi North,Mwingi North,
1545,level2,KE_2_015068,level1,KE_1_015,2009,Mwingi West,Mwingi West,
1546,level2,KE_2_032168,level1,KE_1_032,2009,Naivasha,Naivasha,1958.4
1547,level2,KE_2_032176,level1,KE_1_032,2009,Nakuru Town East,Nakuru Town East,
1548,level2,KE_2_032175,level1,KE_1_032,2009,Nakuru Town West,Nakuru Town West,
1549,level2,KE_2_040227,level1,KE_1_040,2009,Nambale,Nambale,238.1
1550,level2,KE_2_029153,level1,KE_1_029,2009,Nandi Hills,Nandi Hills,
1551,level2,KE_2_033180,level1,KE_1_033,2009,Narok East,Narok East,2042
1552,level2,KE_2_033179,level1,KE_1_033,2009,Narok North,Narok North,2159.4
1553,level2,KE_2_033181,level1,KE_1_033,2009,Narok South,Narok South,4577.3
1554,level2,KE_2_033182,level1,KE_1_033,2009,Narok West,Narok West,5563
1555,level2,KE_2_037203,level1,KE_1_037,2009,Navakholo,Navakholo,259.3
1556,level2,KE_2_018093,level1,KE_1_018,2009,Ndaragwa,Ndaragwa,
1557,level2,KE_2_043250,level1,KE_1_043,2009,Ndhiwa,Ndhiwa,713.5
1558,level2,KE_2_020102,level1,KE_1_020,2009,Ndia,Ndia,
1559,level2,KE_2_013060,level1,KE_1_013,2009,Nithi,Nithi,
1560,level2,KE_2_032167,level1,KE_1_032,2009,Njoro,Njoro,699.5
1561,level2,KE_2_010046,level1,KE_1_010,2009,North Horr,North Horr,19336.7
1562,level2,KE_2_012056,level1,KE_1_012,2009,North Imenti,North Imenti,
1563,level2,KE_2_046272,level1,KE_1_046,2009,North Mugirango,North Mugirango,
1564,level2,KE_2_042244,level1,KE_1_042,2009,Nyakach,Nyakach,326.7
1565,level2,KE_2_001004,level1,KE_1_001,2009,Nyali,Nyali,22.5
1566,level2,KE_2_042242,level1,KE_1_042,2009,Nyando,Nyando,446.1
1567,level2,KE_2_045267,level1,KE_1_045,2009,Nyaribari Chache,Nyaribari Chache,
1568,level2,KE_2_045266,level1,KE_1_045,2009,Nyaribari Masaba,Nyaribari Masaba,
1569,level2,KE_2_044258,level1,KE_1_044,2009,Nyatike,Nyatike,676.9
1570,level2,KE_2_019099,level1,KE_1_019,2009,Nyeri Town,Nyeri Town,
1571,level2,KE_2_018092,level1,KE_1_018,2009,Ol Jorok,Ol Jorok,
1572,level2,KE_2_018091,level1,KE_1_018,2009,Ol Kalou,Ol Kalou,
1573,level2,KE_2_019097,level1,KE_1_019,2009,Othaya,Othaya,
1574,level2,KE_2_024132,level1,KE_1_024,2009,Pokot South,Pokot South,536.7
1575,level2,KE_2_003014,level1,KE_1_003,2009,Rabai,Rabai,207.8
1576,level2,KE_2_043248,level1,KE_1_043,2009,Rangwe,Rangwe,274.1
1577,level2,KE_2_041237,level1,KE_1_041,2009,Rarieda,Rarieda,402.4
1578,level2,KE_2_032173,level1,KE_1_032,2009,Rongai,Rongai,988.1
1579,level2,KE_2_044253,level1,KE_1_044,2009,Rongo,Rongo,213.4
1580,level2,KE_2_047279,level1,KE_1_047,2009,Roysambu,Roysambu,
1581,level2,KE_2_047281,level1,KE_1_047,2009,Ruaraka,Ruaraka,
1582,level2,KE_2_022115,level1,KE_1_022,2009,Ruiru,Ruiru,201.1
1583,level2,KE_2_014064,level1,KE_1_014,2009,Runyenjes,Runyenjes,
1584,level2,KE_2_038212,level1,KE_1_038,2009,Sabatia,Sabatia,111.4
1585,level2,KE_2_026138,level1,KE_1_026,2009,Saboti,Saboti,
1586,level2,KE_2_010047,level1,KE_1_010,2009,Saku,Saku,
1587,level2,KE_2_025135,level1,KE_1_025,2009,Samburu East,Samburu East,1015.9
1588,level2,KE_2_025134,level1,KE_1_025,2009,Samburu North,Samburu North,7374.8
1589,level2,KE_2_025133,level1,KE_1_025,2009,Samburu West,Samburu West,
1590,level2,KE_2_042241,level1,KE_1_042,2009,Seme,Seme,267.7
1591,level2,KE_2_037209,level1,KE_1_037,2009,Shinyalu,Shinyalu,
1592,level2,KE_2_014066,level1,KE_1_014,2009,Siakago,Siakago,
1593,level2,KE_2_024130,level1,KE_1_024,2009,Sigor,Sigor,
1594,level2,KE_2_035193,level1,KE_1_035,2009,Sigowet/Soin,Sigowet/Soin,
1595,level2,KE_2_039217,level1,KE_1_039,2009,Sirisia,Sirisia,
1596,level2,KE_2_036194,level1,KE_1_036,2009,Sotik,Sotik,544.3
1597,level2,KE_2_012059,level1,KE_1_012,2009,South Imenti,South Imenti,
1598,level2,KE_2_045262,level1,KE_1_045,2009,South Mugirango,South Mugirango,
1599,level2,KE_2_027141,level1,KE_1_027,2009,Soy,Soy,667.6
1600,level2,KE_2_047289,level1,KE_1_047,2009,Starehe,Starehe,20.6
1601,level2,KE_2_043251,level1,KE_1_043,2009,Suba North,Suba North,406.3
1602,level2,KE_2_043252,level1,KE_1_043,2009,Suba South,Suba South,634.1
1603,level2,KE_2_032172,level1,KE_1_032,2009,Subukia,Subukia,401.5
1604,level2,KE_2_044255,level1,KE_1_044,2009,Suna East,Suna East,205.1
1605,level2,KE_2_044256,level1,KE_1_044,2009,Suna West,Suna West,287.5
1606,level2,KE_2_008035,level1,KE_1_008,2009,Tarbaj,Tarbaj,9650.9
1607,level2,KE_2_006023,level1,KE_1_006,2009,Taveta,Taveta,6398.7
1608,level2,KE_2_040225,level1,KE_1_040,2009,Teso North,Teso North,261
1609,level2,KE_2_040226,level1,KE_1_040,2009,Teso South,Teso South,302.9
1610,level2,KE_2_019094,level1,KE_1_019,2009,Tetu,Tetu,216.5
1611,level2,KE_2_013062,level1,KE_1_013,2009,Tharaka,Tharaka,
1612,level2,KE_2_022114,level1,KE_1_022,2009,Thika Town,Thika Town,
1613,level2,KE_2_030157,level1,KE_1_030,2009,Tiaty,Tiaty,
1614,level2,KE_2_012055,level1,KE_1_012,2009,Tigania East,Tigania East,507.9
1615,level2,KE_2_012054,level1,KE_1_012,2009,Tigania West,Tigania West,398.6
1616,level2,KE_2_029151,level1,KE_1_029,2009,Tinderet,Tinderet,557.1
1617,level2,KE_2_039224,level1,KE_1_039,2009,Tongaren,Tongaren,185.3
1618,level2,KE_2_027142,level1,KE_1_027,2009,Turbo,Turbo,431.4
1619,level2,KE_2_023125,level1,KE_1_023,2009,Turkana Central,Turkana Central,6415.2
1620,level2,KE_2_023128,level1,KE_1_023,2009,Turkana East,Turkana East,11395.6
1621,level2,KE_2_023123,level1,KE_1_023,2009,Turkana North,Turkana North,7012.2
1622,level2,KE_2_023127,level1,KE_1_023,2009,Turkana South,Turkana South,7051.5
1623,level2,KE_2_023124,level1,KE_1_023,2009,Turkana West,Turkana West,16778.9
1624,level2,KE_2_041232,level1,KE_1_041,2009,Ugenya,Ugenya,323.5
1625,level2,KE_2_041233,level1,KE_1_041,2009,Ugunja,Ugunja,201
1626,level2,KE_2_044257,level1,KE_1_044,2009,Uriri,Uriri,392.1
1627,level2,KE_2_038211,level1,KE_1_038,2009,Vihiga,Vihiga,90.1
1628,level2,KE_2_006026,level1,KE_1_006,2009,Voi,Voi,7552.8
1629,level2,KE_2_008034,level1,KE_1_008,2009,Wajir East,Wajir East,4055.1
1630,level2,KE_2_008033,level1,KE_1_008,2009,Wajir North,Wajir North,4042.9
1631,level2,KE_2_008038,level1,KE_1_008,2009,Wajir South,Wajir South,1732.6
1632,level2,KE_2_008036,level1,KE_1_008,2009,Wajir West,Wajir West,9042.3
1633,level2,KE_2_039221,level1,KE_1_039,2009,Webuye East,Webuye East,
1634,level2,KE_2_039222,level1,KE_1_039,2009,Webuye West,Webuye West,238.9
1635,level2,KE_2_046271,level1,KE_1_046,2009,West Mugirango,West Mugirango,
1636,level2,KE_2_047274,level1,KE_1_047,2009,Westlands,Westlands,97.5
1637,level2,KE_2_006024,level1,KE_1_006,2009,Wundanyi,Wundanyi,
1638,level2,KE_2_016076,level1,KE_1_016,2009,Yatta,Yatta,1062.4