geo_level,geo_code,geo_version,name,variable,number
municipality,3084,,Kheis,Do not know,622.7095
municipality,3084,,Kheis,No,1175.851
municipality,3084,,Kheis,Unspecified,47.43025
municipality,3084,,Kheis,Yes,14719.9
municipality,5263,,Abaqulusi,Do not know,7424.073
municipality,5263,,Abaqulusi,No,72586.71
municipality,5263,,Abaqulusi,Unspecified,467.7159
municipality,5263,,Abaqulusi,Yes,163316.1
municipality,5238,,Alfred Duma,Do not know,1217.764
municipality,5238,,Alfred Duma,No,90372.12
municipality,5238,,Alfred Duma,Unspecified,663.934
municipality,5238,,Alfred Duma,Yes,264020.7
district,244,,Alfred Nzo,Do not know,7885.46
district,244,,Alfred Nzo,No,477894
district,244,,Alfred Nzo,Unspecified,1397.329
district,244,,Alfred Nzo,Yes,380687.2
municipality,2124,,Amahlathi,Do not know,439.9932
municipality,2124,,Amahlathi,No,9885.954
municipality,2124,,Amahlathi,Unspecified,379.5179
municipality,2124,,Amahlathi,Yes,91120.08
district,525,,Amajuba,Do not know,2882.978
district,525,,Amajuba,No,73404.68
district,525,,Amajuba,Unspecified,774.708
district,525,,Amajuba,Yes,454264.4
district,212,,Amathole,Do not know,8914.083
district,212,,Amathole,No,235495
district,212,,Amathole,Unspecified,3302.046
district,212,,Amathole,Yes,633079.2
municipality,9334,,Ba-Phalaborwa,Do not know,750.9616
municipality,9334,,Ba-Phalaborwa,No,16068.76
municipality,9334,,Ba-Phalaborwa,Unspecified,348.146
municipality,9334,,Ba-Phalaborwa,Yes,151768.8
municipality,1053,,Beaufort West,Do not know,769.2763
municipality,1053,,Beaufort West,No,4520.611
municipality,1053,,Beaufort West,Unspecified,156.3576
municipality,1053,,Beaufort West,Yes,45633.74
municipality,9366,,Bela-Bela,Do not know,28.51124
municipality,9366,,Bela-Bela,No,9292.576
municipality,9366,,Bela-Bela,Unspecified,0
municipality,9366,,Bela-Bela,Yes,66974.99
municipality,1013,,Bergrivier,Do not know,246.0221
municipality,1013,,Bergrivier,No,4112.387
municipality,1013,,Bergrivier,Unspecified,318.2911
municipality,1013,,Bergrivier,Yes,62797.13
municipality,5276,,Big Five Hlabisa,Do not know,6311.808
municipality,5276,,Big Five Hlabisa,No,46649.45
municipality,5276,,Big Five Hlabisa,Unspecified,700.0354
municipality,5276,,Big Five Hlabisa,Yes,62960.39
municipality,1047,,Bitou,Do not know,173.745
municipality,1047,,Bitou,No,2382.019
municipality,1047,,Bitou,Unspecified,55.85839
municipality,1047,,Bitou,Yes,56545.56
municipality,9351,,Blouberg,Do not know,4724.985
municipality,9351,,Blouberg,No,44260.75
municipality,9351,,Blouberg,Unspecified,1046.945
municipality,9351,,Blouberg,Yes,122568.7
municipality,2102,,Blue Crane Route,Do not know,172.9791
municipality,2102,,Blue Crane Route,No,3067.613
municipality,2102,,Blue Crane Route,Unspecified,0
municipality,2102,,Blue Crane Route,Yes,32822.67
district,637,,Bojanala,Do not know,20045
district,637,,Bojanala,No,427994.5
district,637,,Bojanala,Unspecified,3098.213
district,637,,Bojanala,Yes,1206010
municipality,1025,,Breede Valley,Do not know,116.3163
municipality,1025,,Breede Valley,No,18283.62
municipality,1025,,Breede Valley,Unspecified,916.1439
municipality,1025,,Breede Valley,Yes,157262.3
municipality,292,,Buffalo City,Do not know,5107.698
municipality,2920,,Buffalo City,Do not know,5107.698
municipality,292,,Buffalo City,Do not know,5107.698
municipality,2920,,Buffalo City,Do not know,5107.698
municipality,292,,Buffalo City,No,63766.75
municipality,2920,,Buffalo City,No,63766.75
municipality,292,,Buffalo City,No,63766.75
municipality,2920,,Buffalo City,No,63766.75
municipality,292,,Buffalo City,Unspecified,1732.531
municipality,2920,,Buffalo City,Unspecified,1732.531
municipality,292,,Buffalo City,Unspecified,1732.531
municipality,2920,,Buffalo City,Unspecified,1732.531
municipality,292,,Buffalo City,Yes,764390.2
municipality,2920,,Buffalo City,Yes,764390.2
municipality,292,,Buffalo City,Yes,764390.2
municipality,2920,,Buffalo City,Yes,764390.2
municipality,8325,,Bushbuckridge,Do not know,14508.86
municipality,8325,,Bushbuckridge,No,112325.2
municipality,8325,,Bushbuckridge,Unspecified,628.9567
municipality,8325,,Bushbuckridge,Yes,418752.4
district,210,,Cacadu,Do not know,2223.306
district,210,,Cacadu,No,70231.79
district,210,,Cacadu,Unspecified,376.4876
district,210,,Cacadu,Yes,407091.3
municipality,1033,,Cape Agulhas,Do not know,48.18172
municipality,1033,,Cape Agulhas,No,1815.234
municipality,1033,,Cape Agulhas,Unspecified,90.29107
municipality,1033,,Cape Agulhas,Yes,34046.22
district,102,,Cape Winelands,Do not know,2694.14
district,102,,Cape Winelands,No,72467.03
district,102,,Cape Winelands,Unspecified,1795.483
district,102,,Cape Winelands,Yes,789044.1
district,935,,Capricorn,Do not know,16570.32
district,935,,Capricorn,No,259687.5
district,935,,Capricorn,Unspecified,4729.426
district,935,,Capricorn,Yes,1049449
municipality,1012,,Cederberg,Do not know,99.68712
municipality,1012,,Cederberg,No,3325.403
municipality,1012,,Cederberg,Unspecified,19.26529
municipality,1012,,Cederberg,Yes,49504.76
district,105,,Central Karoo,Do not know,769.2763
district,105,,Central Karoo,No,5512.8
district,105,,Central Karoo,Unspecified,156.3576
district,105,,Central Karoo,Yes,67808.8
municipality,8301,,Chief Albert Luthuli,Do not know,1850.737
municipality,8301,,Chief Albert Luthuli,No,70891.09
municipality,8301,,Chief Albert Luthuli,Unspecified,755.2428
municipality,8301,,Chief Albert Luthuli,Yes,114132.4
district,213,,Chris Hani,Do not know,8619.56
district,213,,Chris Hani,No,203714.7
district,213,,Chris Hani,Unspecified,1878.365
district,213,,Chris Hani,Yes,625842
municipality,191,,City of Cape Town,Do not know,9778.748
municipality,1910,,City of Cape Town,Do not know,9778.748
municipality,191,,City of Cape Town,Do not know,9778.748
municipality,1910,,City of Cape Town,Do not know,9778.748
municipality,191,,City of Cape Town,No,210649.2
municipality,1910,,City of Cape Town,No,210649.2
municipality,191,,City of Cape Town,No,210649.2
municipality,1910,,City of Cape Town,No,210649.2
municipality,191,,City of Cape Town,Unspecified,12107.62
municipality,1910,,City of Cape Town,Unspecified,12107.62
municipality,191,,City of Cape Town,Unspecified,12107.62
municipality,1910,,City of Cape Town,Unspecified,12107.62
municipality,191,,City of Cape Town,Yes,3772480
municipality,1910,,City of Cape Town,Yes,3772480
municipality,191,,City of Cape Town,Yes,3772480
municipality,1910,,City of Cape Town,Yes,3772480
municipality,798,,City of Johannesburg,Do not know,15734.03
municipality,7980,,City of Johannesburg,Do not know,15734.03
municipality,798,,City of Johannesburg,Do not know,15734.03
municipality,7980,,City of Johannesburg,Do not know,15734.03
municipality,798,,City of Johannesburg,No,252762.8
municipality,7980,,City of Johannesburg,No,252762.8
municipality,798,,City of Johannesburg,No,252762.8
municipality,7980,,City of Johannesburg,No,252762.8
municipality,798,,City of Johannesburg,Unspecified,14615.89
municipality,7980,,City of Johannesburg,Unspecified,14615.89
municipality,798,,City of Johannesburg,Unspecified,14615.89
municipality,7980,,City of Johannesburg,Unspecified,14615.89
municipality,798,,City of Johannesburg,Yes,4666234
municipality,7980,,City of Johannesburg,Yes,4666234
municipality,798,,City of Johannesburg,Yes,4666234
municipality,7980,,City of Johannesburg,Yes,4666234
municipality,6403,,City of Matlosana,Do not know,2600.389
municipality,6403,,City of Matlosana,No,57972.43
municipality,6403,,City of Matlosana,Unspecified,452.034
municipality,6403,,City of Matlosana,Yes,356257.3
municipality,8326,,City of Mbombela,Do not know,8260.068
municipality,8326,,City of Mbombela,No,133919.7
municipality,8326,,City of Mbombela,Unspecified,1436.755
municipality,8326,,City of Mbombela,Yes,552296.5
municipality,799,,City of Tshwane,Do not know,18139.97
municipality,7990,,City of Tshwane,Do not know,18139.97
municipality,799,,City of Tshwane,Do not know,18139.97
municipality,7990,,City of Tshwane,Do not know,18139.97
municipality,799,,City of Tshwane,No,305350.6
municipality,7990,,City of Tshwane,No,305350.6
municipality,799,,City of Tshwane,No,305350.6
municipality,7990,,City of Tshwane,No,305350.6
municipality,799,,City of Tshwane,Unspecified,9702.914
municipality,7990,,City of Tshwane,Unspecified,9702.914
municipality,799,,City of Tshwane,Unspecified,9702.914
municipality,7990,,City of Tshwane,Unspecified,9702.914
municipality,799,,City of Tshwane,Yes,2941958
municipality,7990,,City of Tshwane,Yes,2941958
municipality,799,,City of Tshwane,Yes,2941958
municipality,7990,,City of Tshwane,Yes,2941958
municipality,5254,,Dannhauser,Do not know,2337.619
municipality,5254,,Dannhauser,No,21172.24
municipality,5254,,Dannhauser,Unspecified,221.9426
municipality,5254,,Dannhauser,Yes,81609.43
municipality,3087,,Dawid Kruiper,Do not know,43.34688
municipality,3087,,Dawid Kruiper,No,7046.643
municipality,3087,,Dawid Kruiper,Unspecified,55.10019
municipality,3087,,Dawid Kruiper,Yes,100016.1
municipality,4192,,Dihlabeng,Do not know,115.9833
municipality,4192,,Dihlabeng,No,8181.347
municipality,4192,,Dihlabeng,Unspecified,363.9
municipality,4192,,Dihlabeng,Yes,131382.5
municipality,3092,,Dikgatlong,Do not know,0
municipality,3092,,Dikgatlong,No,2589.808
municipality,3092,,Dikgatlong,Unspecified,132.5458
municipality,3092,,Dikgatlong,Yes,45751.04
municipality,8306,,Dipaleseng,Do not know,0
municipality,8306,,Dipaleseng,No,7070.851
municipality,8306,,Dipaleseng,Unspecified,366.8688
municipality,8306,,Dipaleseng,Yes,37794.31
municipality,6384,,Ditsobotla,Do not know,2692.282
municipality,6384,,Ditsobotla,No,17685.4
municipality,6384,,Ditsobotla,Unspecified,157.9032
municipality,6384,,Ditsobotla,Yes,161329.2
municipality,2101,,Dr Beyers Naude,Do not know,0
municipality,2101,,Dr Beyers Naude,No,14268.93
municipality,2101,,Dr Beyers Naude,Unspecified,45.59068
municipality,2101,,Dr Beyers Naude,Yes,67882.2
municipality,8316,,Dr JS Moroka,Do not know,1537.513
municipality,8316,,Dr JS Moroka,No,25483.44
municipality,8316,,Dr JS Moroka,Unspecified,448.0181
municipality,8316,,Dr JS Moroka,Yes,218546.7
district,640,,Dr Kenneth Kaunda,Do not know,4550.362
district,640,,Dr Kenneth Kaunda,No,86340.12
district,640,,Dr Kenneth Kaunda,Unspecified,1091.866
district,640,,Dr Kenneth Kaunda,Yes,650839
municipality,5436,,Dr Nkosazana Dlamini Zuma,Do not know,221.6164
municipality,5436,,Dr Nkosazana Dlamini Zuma,No,57759.51
municipality,5436,,Dr Nkosazana Dlamini Zuma,Unspecified,0
municipality,5436,,Dr Nkosazana Dlamini Zuma,Yes,60498.92
municipality,8304,,Dr Pixley Ka Isaka Seme,Do not know,2581.011
municipality,8304,,Dr Pixley Ka Isaka Seme,No,10644.47
municipality,8304,,Dr Pixley Ka Isaka Seme,Unspecified,127.1986
municipality,8304,,Dr Pixley Ka Isaka Seme,Yes,72042.15
district,639,,Dr Ruth Segomotsi Mompati,Do not know,4260.213
district,639,,Dr Ruth Segomotsi Mompati,No,67692.46
district,639,,Dr Ruth Segomotsi Mompati,Unspecified,1576.549
district,639,,Dr Ruth Segomotsi Mompati,Yes,385828.2
municipality,1023,,Drakenstein,Do not know,161.3768
municipality,1023,,Drakenstein,No,20696.6
municipality,1023,,Drakenstein,Unspecified,277.7332
municipality,1023,,Drakenstein,Yes,259059
province,EC,,Eastern Cape,Do not know,45482.82
province,EC,,Eastern Cape,No,2155015
province,EC,,Eastern Cape,Unspecified,16289.07
province,EC,,Eastern Cape,Yes,4780189
district,104,,Eden,Do not know,1059.293
district,104,,Eden,No,39062.18
district,104,,Eden,Unspecified,1970.905
district,104,,Eden,Yes,569185.3
district,832,,Ehlanzeni,Do not know,28483.75
district,832,,Ehlanzeni,No,338537.8
district,832,,Ehlanzeni,Unspecified,3982.701
district,832,,Ehlanzeni,Yes,1383926
municipality,797,,Ekurhuleni,Do not know,14987.95
municipality,7970,,Ekurhuleni,Do not know,14987.95
municipality,797,,Ekurhuleni,Do not know,14987.95
municipality,7970,,Ekurhuleni,Do not know,14987.95
municipality,797,,Ekurhuleni,No,202981.6
municipality,7970,,Ekurhuleni,No,202981.6
municipality,797,,Ekurhuleni,No,202981.6
municipality,7970,,Ekurhuleni,No,202981.6
municipality,797,,Ekurhuleni,Unspecified,7523.552
municipality,7970,,Ekurhuleni,Unspecified,7523.552
municipality,797,,Ekurhuleni,Unspecified,7523.552
municipality,7970,,Ekurhuleni,Unspecified,7523.552
municipality,797,,Ekurhuleni,Yes,3153611
municipality,7970,,Ekurhuleni,Yes,3153611
municipality,797,,Ekurhuleni,Yes,3153611
municipality,7970,,Ekurhuleni,Yes,3153611
municipality,9472,,Elias Motsoaledi,Do not know,4345.833
municipality,9472,,Elias Motsoaledi,No,89114.38
municipality,9472,,Elias Motsoaledi,Unspecified,1457.791
municipality,9472,,Elias Motsoaledi,Yes,173338.1
municipality,2141,,Elundini,Do not know,2405.985
municipality,2141,,Elundini,No,64508.93
municipality,2141,,Elundini,Unspecified,893.1354
municipality,2141,,Elundini,Yes,77120.94
municipality,5253,,Emadlangeni,Do not know,20.08441
municipality,5253,,Emadlangeni,No,13736.28
municipality,5253,,Emadlangeni,Unspecified,119.0841
municipality,5253,,Emadlangeni,Yes,22993.51
municipality,8314,,Emakhazeni,Do not know,398.6055
municipality,8314,,Emakhazeni,No,12791.67
municipality,8314,,Emakhazeni,Unspecified,68.16621
municipality,8314,,Emakhazeni,Yes,34890.61
municipality,2136,,Emalahleni,Do not know,301.5382
municipality,8312,,Emalahleni,Do not know,301.5382
municipality,2136,,Emalahleni,Do not know,3216.227
municipality,8312,,Emalahleni,Do not know,3216.227
municipality,2136,,Emalahleni,No,229915.4
municipality,8312,,Emalahleni,No,229915.4
municipality,2136,,Emalahleni,No,19249.53
municipality,8312,,Emalahleni,No,19249.53
municipality,2136,,Emalahleni,Unspecified,2052.485
municipality,8312,,Emalahleni,Unspecified,2052.485
municipality,2136,,Emalahleni,Unspecified,85.47709
municipality,8312,,Emalahleni,Unspecified,85.47709
municipality,2136,,Emalahleni,Yes,220043.7
municipality,8312,,Emalahleni,Yes,220043.7
municipality,2136,,Emalahleni,Yes,104895.7
municipality,8312,,Emalahleni,Yes,104895.7
municipality,7421,,Emfuleni,Do not know,1210.084
municipality,7421,,Emfuleni,No,33220.51
municipality,7421,,Emfuleni,Unspecified,2437.541
municipality,7421,,Emfuleni,Yes,696576.6
municipality,3073,,Emthanjeni,Do not know,268.2877
municipality,3073,,Emthanjeni,No,2825.112
municipality,3073,,Emthanjeni,Unspecified,221.4696
municipality,3073,,Emthanjeni,Yes,42089.6
municipality,5241,,Endumeni,Do not know,332.961
municipality,5241,,Endumeni,No,17939.21
municipality,5241,,Endumeni,Unspecified,0
municipality,5241,,Endumeni,Yes,58366.7
municipality,2137,,Engcobo,Do not know,4952.241
municipality,2137,,Engcobo,No,84184.91
municipality,2137,,Engcobo,Unspecified,372.8997
municipality,2137,,Engcobo,Yes,72503.65
municipality,2139,,Enoch Mgijima,Do not know,984.5861
municipality,2139,,Enoch Mgijima,No,30406.44
municipality,2139,,Enoch Mgijima,Unspecified,564.3855
municipality,2139,,Enoch Mgijima,Yes,235055.8
municipality,9471,,Ephraim Mogale,Do not know,709.2753
municipality,9471,,Ephraim Mogale,No,72821.17
municipality,9471,,Ephraim Mogale,Unspecified,715.8185
municipality,9471,,Ephraim Mogale,Yes,52922.2
district,420,,Fezile Dabi,Do not know,1663.123
district,420,,Fezile Dabi,No,134685.2
district,420,,Fezile Dabi,Unspecified,622.0305
district,420,,Fezile Dabi,Yes,357806.4
district,309,,Frances Baard,Do not know,1293.396
district,309,,Frances Baard,No,56987.01
district,309,,Frances Baard,Unspecified,913.5712
district,309,,Frances Baard,Yes,328547.3
province,FS,,Free State,Do not know,10685.51
province,FS,,Free State,No,420399
province,FS,,Free State,Unspecified,5563.085
province,FS,,Free State,Yes,2398066
municipality,3452,,Ga-Segonyana,Do not know,405.6565
municipality,3452,,Ga-Segonyana,No,13840.48
municipality,3452,,Ga-Segonyana,Unspecified,268.842
municipality,3452,,Ga-Segonyana,Yes,89893
municipality,3453,,Gamagara,Do not know,78.92077
municipality,3453,,Gamagara,No,3106.998
municipality,3453,,Gamagara,Unspecified,0
municipality,3453,,Gamagara,Yes,50469.81
province,GT,,Gauteng,Do not know,54113.16
province,GT,,Gauteng,No,859943
province,GT,,Gauteng,Unspecified,37448.93
province,GT,,Gauteng,Yes,12448219
municipality,1044,,George,Do not know,182.6322
municipality,1044,,George,No,13200.07
municipality,1044,,George,Unspecified,324.656
municipality,1044,,George,Yes,194529.5
district,830,,Gert Sibande,Do not know,9838.092
district,830,,Gert Sibande,No,202132.9
district,830,,Gert Sibande,Unspecified,2249.626
district,830,,Gert Sibande,Yes,921188.8
municipality,8307,,Govan Mbeki,Do not know,1223.668
municipality,8307,,Govan Mbeki,No,21795.06
municipality,8307,,Govan Mbeki,Unspecified,464.5671
municipality,8307,,Govan Mbeki,Yes,316607.6
municipality,2123,,Great Kei,Do not know,0
municipality,2123,,Great Kei,No,4512.66
municipality,2123,,Great Kei,Unspecified,43.79502
municipality,2123,,Great Kei,Yes,27135.61
municipality,9331,,Greater Giyani,Do not know,2080.495
municipality,9331,,Greater Giyani,No,60826.95
municipality,9331,,Greater Giyani,Unspecified,822.6414
municipality,9331,,Greater Giyani,Yes,192396.7
municipality,5433,,Greater Kokstad,Do not know,522.9816
municipality,5433,,Greater Kokstad,No,6233.633
municipality,5433,,Greater Kokstad,Unspecified,0
municipality,5433,,Greater Kokstad,Yes,69996.24
municipality,9332,,Greater Letaba,Do not know,536.2684
municipality,9332,,Greater Letaba,No,50334.39
municipality,9332,,Greater Letaba,Unspecified,1035.915
municipality,9332,,Greater Letaba,Yes,166123.1
municipality,6394,,Greater Taung,Do not know,1054.546
municipality,6394,,Greater Taung,No,26474.75
municipality,6394,,Greater Taung,Unspecified,328.111
municipality,6394,,Greater Taung,Yes,139969.9
municipality,9476,,Greater Tubatse/Fetakgomo,Do not know,6263.063
municipality,9476,,Greater Tubatse/Fetakgomo,No,178703.6
municipality,9476,,Greater Tubatse/Fetakgomo,Unspecified,2652.28
municipality,9476,,Greater Tubatse/Fetakgomo,Yes,302283.4
municipality,9333,,Greater Tzaneen,Do not know,2508.652
municipality,9333,,Greater Tzaneen,No,131200.9
municipality,9333,,Greater Tzaneen,Unspecified,3960.249
municipality,9333,,Greater Tzaneen,Yes,278476.5
municipality,3065,,Hantam,Do not know,0
municipality,3065,,Hantam,No,380.4849
municipality,3065,,Hantam,Unspecified,91.00064
municipality,3065,,Hantam,Yes,21068.9
municipality,1042,,Hessequa,Do not know,182.4355
municipality,1042,,Hessequa,No,2362.915
municipality,1042,,Hessequa,Unspecified,167.2131
municipality,1042,,Hessequa,Yes,51524.32
municipality,5224,,Impendle,Do not know,0
municipality,5224,,Impendle,No,6288.702
municipality,5224,,Impendle,Unspecified,41.32878
municipality,5224,,Impendle,Yes,23195.69
municipality,5237,,Inkosi Langalibalele,Do not know,6682.052
municipality,5237,,Inkosi Langalibalele,No,41807.35
municipality,5237,,Inkosi Langalibalele,Unspecified,862.4557
municipality,5237,,Inkosi Langalibalele,Yes,165829.7
municipality,2135,,Intsika Yethu,Do not know,2095.963
municipality,2135,,Intsika Yethu,No,54527.61
municipality,2135,,Intsika Yethu,Unspecified,855.6024
municipality,2135,,Intsika Yethu,Yes,94679.35
municipality,2131,,Inxuba Yethemba,Do not know,34.59058
municipality,2131,,Inxuba Yethemba,No,6350.971
municipality,2131,,Inxuba Yethemba,Unspecified,0
municipality,2131,,Inxuba Yethemba,Yes,64107.07
district,214,,Joe Gqabi,Do not know,2766.211
district,214,,Joe Gqabi,No,109958.9
district,214,,Joe Gqabi,Unspecified,1812.779
district,214,,Joe Gqabi,Yes,258373.9
municipality,3451,,Joe Morolong,Do not know,171.6049
municipality,3451,,Joe Morolong,No,7818.231
municipality,3451,,Joe Morolong,Unspecified,358.6043
municipality,3451,,Joe Morolong,Yes,75852.3
district,345,,John Taolo Gaetsewe,Do not know,656.1823
district,345,,John Taolo Gaetsewe,No,24765.71
district,345,,John Taolo Gaetsewe,Unspecified,627.4463
district,345,,John Taolo Gaetsewe,Yes,216215.1
municipality,5272,,Jozini,Do not know,7152.769
municipality,5272,,Jozini,No,95768.15
municipality,5272,,Jozini,Unspecified,637.4476
municipality,5272,,Jozini,Yes,94656.7
municipality,6397,,Kagisano/Molopo,Do not know,2337.731
municipality,6397,,Kagisano/Molopo,No,12741.56
municipality,6397,,Kagisano/Molopo,Unspecified,220.671
municipality,6397,,Kagisano/Molopo,Yes,87402.67
municipality,3082,,Kai Garib,Do not know,753.9408
municipality,3082,,Kai Garib,No,9439.744
municipality,3082,,Kai Garib,Unspecified,43.22416
municipality,3082,,Kai Garib,Yes,58691.92
municipality,3064,,Kamiesberg,Do not know,101.2936
municipality,3064,,Kamiesberg,No,402.6021
municipality,3064,,Kamiesberg,Unspecified,0
municipality,3064,,Kamiesberg,Yes,9101.419
municipality,1041,,Kannaland,Do not know,0
municipality,1041,,Kannaland,No,2398.291
municipality,1041,,Kannaland,Unspecified,158.5591
municipality,1041,,Kannaland,Yes,21610.91
municipality,3074,,Kareeberg,Do not know,0
municipality,3074,,Kareeberg,No,576.2451
municipality,3074,,Kareeberg,Unspecified,0
municipality,3074,,Kareeberg,Yes,12195.63
municipality,3066,,Karoo Hoogland,Do not know,0
municipality,3066,,Karoo Hoogland,No,305.6586
municipality,3066,,Karoo Hoogland,Unspecified,0
municipality,3066,,Karoo Hoogland,Yes,12703.81
municipality,3086,,Kgatelopele,Do not know,0
municipality,3086,,Kgatelopele,No,530.936
municipality,3086,,Kgatelopele,Unspecified,0
municipality,3086,,Kgatelopele,Yes,20160.15
municipality,6374,,Kgetlengrivier,Do not know,792.7022
municipality,6374,,Kgetlengrivier,No,7076.829
municipality,6374,,Kgetlengrivier,Unspecified,40.30267
municipality,6374,,Kgetlengrivier,Yes,51652.15
municipality,3067,,Kh창i-Ma,Do not know,0
municipality,3067,,Kh창i-Ma,No,31.02074
municipality,3067,,Kh창i-Ma,Unspecified,233.4557
municipality,3067,,Kh창i-Ma,Yes,12068.82
municipality,2157,,King Sabata Dalindyebo,Do not know,3564.174
municipality,2157,,King Sabata Dalindyebo,No,225578.1
municipality,2157,,King Sabata Dalindyebo,Unspecified,1176.502
municipality,2157,,King Sabata Dalindyebo,Yes,258029.8
municipality,1048,,Knysna,Do not know,121.4122
municipality,1048,,Knysna,No,8618.21
municipality,1048,,Knysna,Unspecified,200.5231
municipality,1048,,Knysna,Yes,64894.93
municipality,4162,,Kopanong,Do not know,59.60044
municipality,4162,,Kopanong,No,4275.189
municipality,4162,,Kopanong,Unspecified,592.4814
municipality,4162,,Kopanong,Yes,45071.97
municipality,2109,,Kou-Kamma,Do not know,114.5265
municipality,2109,,Kou-Kamma,No,14264.08
municipality,2109,,Kou-Kamma,Unspecified,0
municipality,2109,,Kou-Kamma,Yes,29309.85
municipality,2108,,Kouga,Do not know,0
municipality,2108,,Kouga,No,8500.64
municipality,2108,,Kouga,Unspecified,87.46242
municipality,2108,,Kouga,Yes,104353.2
municipality,5292,,KwaDukuza,Do not know,636.2068
municipality,5292,,KwaDukuza,No,61396.66
municipality,5292,,KwaDukuza,Unspecified,165.1227
municipality,5292,,KwaDukuza,Yes,214520.6
province,KZN,,KwaZulu-Natal,Do not know,85187.6
province,KZN,,KwaZulu-Natal,No,2282254
province,KZN,,KwaZulu-Natal,Unspecified,19942.16
province,KZN,,KwaZulu-Natal,Yes,8677857
municipality,1051,,Laingsburg,Do not know,0
municipality,1051,,Laingsburg,No,234.047
municipality,1051,,Laingsburg,Unspecified,0
municipality,1051,,Laingsburg,Yes,8661.349
municipality,1026,,Langeberg,Do not know,229.5944
municipality,1026,,Langeberg,No,9267.23
municipality,1026,,Langeberg,Unspecified,0
municipality,1026,,Langeberg,Yes,95986.24
district,418,,Lejweleputswa,Do not know,2314.954
district,418,,Lejweleputswa,No,79293.44
district,418,,Lejweleputswa,Unspecified,814.2119
district,418,,Lejweleputswa,Yes,564497.3
municipality,8305,,Lekwa,Do not know,1148.286
municipality,8305,,Lekwa,No,33852.97
municipality,8305,,Lekwa,Unspecified,131.0424
municipality,8305,,Lekwa,Yes,88286.27
municipality,6396,,Lekwa-Teemane,Do not know,187.0988
municipality,6396,,Lekwa-Teemane,No,5632.267
municipality,6396,,Lekwa-Teemane,Unspecified,72.21398
municipality,6396,,Lekwa-Teemane,Yes,50133.27
municipality,9355,,Lepele-Nkumpi,Do not know,5532.137
municipality,9355,,Lepele-Nkumpi,No,66614.67
municipality,9355,,Lepele-Nkumpi,Unspecified,825.2797
municipality,9355,,Lepele-Nkumpi,Yes,162408.2
municipality,9362,,Lephalale,Do not know,398.0275
municipality,9362,,Lephalale,No,23294.34
municipality,9362,,Lephalale,Unspecified,702.657
municipality,9362,,Lephalale,Yes,115844.7
municipality,7423,,Lesedi,Do not know,269.9421
municipality,7423,,Lesedi,No,4013.958
municipality,7423,,Lesedi,Unspecified,249.5116
municipality,7423,,Lesedi,Yes,107938.7
municipality,4161,,Letsemeng,Do not know,0
municipality,4161,,Letsemeng,No,589.9566
municipality,4161,,Letsemeng,Unspecified,92.32876
municipality,4161,,Letsemeng,Yes,39362.02
province,LIM,,Limpopo,Do not know,52101.36
province,LIM,,Limpopo,No,1398151
province,LIM,,Limpopo,Unspecified,23674.49
province,LIM,,Limpopo,Yes,4325163
municipality,6372,,Local Municipality of Madibeng,Do not know,5639.894
municipality,6372,,Local Municipality of Madibeng,No,161355.8
municipality,6372,,Local Municipality of Madibeng,Unspecified,943.8061
municipality,6372,,Local Municipality of Madibeng,Yes,368170.5
municipality,6383,,Mafikeng,Do not know,3557.087
municipality,6383,,Mafikeng,No,43292.51
municipality,6383,,Mafikeng,Unspecified,546.1932
municipality,6383,,Mafikeng,Yes,266998
municipality,4205,,Mafube,Do not know,715.9417
municipality,4205,,Mafube,No,6710.8
municipality,4205,,Mafube,Unspecified,162.9162
municipality,4205,,Mafube,Yes,49984.46
municipality,3093,,Magareng,Do not know,364.1201
municipality,3093,,Magareng,No,8529.434
municipality,3093,,Magareng,Unspecified,0
municipality,3093,,Magareng,Yes,15165.86
municipality,2104,,Makana,Do not know,253.8744
municipality,2104,,Makana,No,13789.08
municipality,2104,,Makana,Unspecified,174.3119
municipality,2104,,Makana,Yes,67842.79
municipality,9344,,Makhado,Do not know,7440.437
municipality,9344,,Makhado,No,87060.81
municipality,9344,,Makhado,Unspecified,949.3825
municipality,9344,,Makhado,Yes,321277.4
municipality,9473,,Makhuduthamaga,Do not know,299.6412
municipality,9473,,Makhuduthamaga,No,100770.3
municipality,9473,,Makhuduthamaga,Unspecified,1661.181
municipality,9473,,Makhuduthamaga,Yes,181703.8
municipality,4194,,Maluti a Phofung,Do not know,2689.545
municipality,4194,,Maluti a Phofung,No,54832.19
municipality,4194,,Maluti a Phofung,Unspecified,858.7691
municipality,4194,,Maluti a Phofung,Yes,295071.6
municipality,6393,,Mamusa,Do not know,37.69175
municipality,6393,,Mamusa,No,14395.56
municipality,6393,,Mamusa,Unspecified,942.4017
municipality,6393,,Mamusa,Yes,48624.12
municipality,5291,,Mandeni,Do not know,370.2534
municipality,5291,,Mandeni,No,28514.63
municipality,5291,,Mandeni,Unspecified,243.6364
municipality,5291,,Mandeni,Yes,118679.2
municipality,494,,Mangaung,Do not know,2315.06
municipality,4940,,Mangaung,Do not know,2315.06
municipality,494,,Mangaung,Do not know,2315.06
municipality,4940,,Mangaung,Do not know,2315.06
municipality,494,,Mangaung,No,62476.52
municipality,4940,,Mangaung,No,62476.52
municipality,494,,Mangaung,No,62476.52
municipality,4940,,Mangaung,No,62476.52
municipality,494,,Mangaung,Unspecified,1781.601
municipality,4940,,Mangaung,Unspecified,1781.601
municipality,494,,Mangaung,Unspecified,1781.601
municipality,4940,,Mangaung,Unspecified,1781.601
municipality,494,,Mangaung,Yes,721230.1
municipality,4940,,Mangaung,Yes,721230.1
municipality,494,,Mangaung,Yes,721230.1
municipality,4940,,Mangaung,Yes,721230.1
municipality,4196,,Mantsopa,Do not know,258.5299
municipality,4196,,Mantsopa,No,19874.02
municipality,4196,,Mantsopa,Unspecified,174.4022
municipality,4196,,Mantsopa,Yes,33218.38
municipality,5294,,Maphumulo,Do not know,159.5329
municipality,5294,,Maphumulo,No,46158.97
municipality,5294,,Maphumulo,Unspecified,12.1676
municipality,5294,,Maphumulo,Yes,43638.42
municipality,6404,,Maquassi Hills,Do not know,15.93603
municipality,6404,,Maquassi Hills,No,6137.898
municipality,6404,,Maquassi Hills,Unspecified,267.8503
municipality,6404,,Maquassi Hills,Yes,75590.6
municipality,9335,,Maruleng,Do not know,290.9696
municipality,9335,,Maruleng,No,22186.87
municipality,9335,,Maruleng,Unspecified,308.1114
municipality,9335,,Maruleng,Yes,77160.05
municipality,4181,,Masilonyana,Do not know,165.8012
municipality,4181,,Masilonyana,No,7729.563
municipality,4181,,Masilonyana,Unspecified,61.81195
municipality,4181,,Masilonyana,Yes,54812.8
municipality,2441,,Matatiele,Do not know,3411.26
municipality,2441,,Matatiele,No,77857.36
municipality,2441,,Matatiele,Unspecified,3.920305
municipality,2441,,Matatiele,Yes,138174.8
municipality,4184,,Matjhabeng,Do not know,1992.032
municipality,4184,,Matjhabeng,No,59832.04
municipality,4184,,Matjhabeng,Unspecified,333.8339
municipality,4184,,Matjhabeng,Yes,366955.1
municipality,1011,,Matzikama,Do not know,310.4722
municipality,1011,,Matzikama,No,5007.789
municipality,1011,,Matzikama,Unspecified,0
municipality,1011,,Matzikama,Yes,65727.14
municipality,2121,,Mbhashe,Do not know,3476.343
municipality,2121,,Mbhashe,No,137773.9
municipality,2121,,Mbhashe,Unspecified,582.9869
municipality,2121,,Mbhashe,Yes,135416.5
municipality,2443,,Mbizana,Do not know,35.61811
municipality,2443,,Mbizana,No,234937
municipality,2443,,Mbizana,Unspecified,932.3931
municipality,2443,,Mbizana,Yes,84043.03
municipality,7484,,Merafong City,Do not know,1058.898
municipality,7484,,Merafong City,No,12295.8
municipality,7484,,Merafong City,Unspecified,930.8192
municipality,7484,,Merafong City,Yes,174557.2
municipality,4204,,Metsimaholo,Do not know,301.5914
municipality,4204,,Metsimaholo,No,5848.08
municipality,4204,,Metsimaholo,Unspecified,204.7193
municipality,4204,,Metsimaholo,Yes,157209.9
municipality,5281,,Mfolozi,Do not know,2744.151
municipality,5281,,Mfolozi,No,33315.73
municipality,5281,,Mfolozi,Unspecified,211.5457
municipality,5281,,Mfolozi,Yes,108091.2
municipality,2156,,Mhlontlo,Do not know,721.5284
municipality,2156,,Mhlontlo,No,93321.08
municipality,2156,,Mhlontlo,Unspecified,365.7604
municipality,2156,,Mhlontlo,Yes,94767.44
municipality,7422,,Midvaal,Do not know,50.05728
municipality,7422,,Midvaal,No,5819.326
municipality,7422,,Midvaal,Unspecified,210.6114
municipality,7422,,Midvaal,Yes,105531.6
municipality,5226,,Mkhambathini,Do not know,20.53473
municipality,5226,,Mkhambathini,No,18856.43
municipality,5226,,Mkhambathini,Unspecified,24.55271
municipality,5226,,Mkhambathini,Yes,38173.73
municipality,8303,,Mkhondo,Do not know,1605.495
municipality,8303,,Mkhondo,No,28377.26
municipality,8303,,Mkhondo,Unspecified,137.5174
municipality,8303,,Mkhondo,Yes,158915.5
municipality,2122,,Mnquma,Do not know,4396.614
municipality,2122,,Mnquma,No,67133.55
municipality,2122,,Mnquma,Unspecified,2286.386
municipality,2122,,Mnquma,Yes,172996.8
municipality,9368,,Modimolle/Mookgophong,Do not know,1044.277
municipality,9368,,Modimolle/Mookgophong,No,17303.6
municipality,9368,,Modimolle/Mookgophong,Unspecified,0
municipality,9368,,Modimolle/Mookgophong,Yes,89350.91
municipality,9367,,Mogalakwena,Do not know,1631.925
municipality,9367,,Mogalakwena,No,72706.51
municipality,9367,,Mogalakwena,Unspecified,1325.927
municipality,9367,,Mogalakwena,Yes,249626.8
municipality,7481,,Mogale City,Do not know,1154.132
municipality,7481,,Mogale City,No,21988.19
municipality,7481,,Mogale City,Unspecified,754.8141
municipality,7481,,Mogale City,Yes,359967.2
municipality,4163,,Mohokare,Do not know,59.16975
municipality,4163,,Mohokare,No,3967.777
municipality,4163,,Mohokare,Unspecified,10.38704
municipality,4163,,Mohokare,Yes,31803.01
municipality,9353,,Molemole,Do not know,773.7421
municipality,9353,,Molemole,No,22023.07
municipality,9353,,Molemole,Unspecified,462.4765
municipality,9353,,Molemole,Yes,102068
district,933,,Mopani,Do not know,6167.347
district,933,,Mopani,No,280617.9
district,933,,Mopani,Unspecified,6475.063
district,933,,Mopani,Yes,865925.1
municipality,4201,,Moqhaka,Do not know,585.3506
municipality,4201,,Moqhaka,No,78540.43
municipality,4201,,Moqhaka,Unspecified,86.7357
municipality,4201,,Moqhaka,Yes,75519.15
municipality,6371,,Moretele,Do not know,7204.951
municipality,6371,,Moretele,No,67282.59
municipality,6371,,Moretele,Unspecified,710.8146
municipality,6371,,Moretele,Yes,116107.6
municipality,6375,,Moses Kotane,Do not know,3629.581
municipality,6375,,Moses Kotane,No,35296.1
municipality,6375,,Moses Kotane,Unspecified,668.5339
municipality,6375,,Moses Kotane,Yes,204054.3
municipality,1043,,Mossel Bay,Do not know,314.3223
municipality,1043,,Mossel Bay,No,5268.859
municipality,1043,,Mossel Bay,Unspecified,717.1385
municipality,1043,,Mossel Bay,Yes,87835.06
municipality,5223,,Mpofana,Do not know,694.5016
municipality,5223,,Mpofana,No,6601.558
municipality,5223,,Mpofana,Unspecified,30.6947
municipality,5223,,Mpofana,Yes,30064.28
province,MP,,Mpumalanga,Do not know,52345.23
province,MP,,Mpumalanga,No,916687
province,MP,,Mpumalanga,Unspecified,9565.187
province,MP,,Mpumalanga,Yes,3357366
municipality,5244,,Msinga,Do not know,260.9749
municipality,5244,,Msinga,No,105998.3
municipality,5244,,Msinga,Unspecified,227.5183
municipality,5244,,Msinga,Yes,78007.57
municipality,8302,,Msukaligwa,Do not know,1428.895
municipality,8302,,Msukaligwa,No,29501.2
municipality,8302,,Msukaligwa,Unspecified,267.1886
municipality,8302,,Msukaligwa,Yes,133410.5
municipality,5285,,Mthonjaneni,Do not know,60.82286
municipality,5285,,Mthonjaneni,No,17268.47
municipality,5285,,Mthonjaneni,Unspecified,136.5663
municipality,5285,,Mthonjaneni,Yes,61417.61
municipality,5275,,Mtubatuba,Do not know,2207.051
municipality,5275,,Mtubatuba,No,96919.25
municipality,5275,,Mtubatuba,Unspecified,930.0186
municipality,5275,,Mtubatuba,Yes,102120.1
municipality,9341,,Musina,Do not know,1420.97
municipality,9341,,Musina,No,31011.07
municipality,9341,,Musina,Unspecified,405.4856
municipality,9341,,Musina,Yes,99171.66
municipality,4185,,Nala,Do not know,131.5413
municipality,4185,,Nala,No,5646.603
municipality,4185,,Nala,Unspecified,0
municipality,4185,,Nala,Yes,72737.02
municipality,6392,,Naledi,Do not know,643.1466
municipality,6392,,Naledi,No,8448.326
municipality,6392,,Naledi,Unspecified,13.15151
municipality,6392,,Naledi,Yes,59698.3
municipality,3062,,Nama Khoi,Do not know,41.87571
municipality,3062,,Nama Khoi,No,2472.416
municipality,3062,,Nama Khoi,Unspecified,50.4276
municipality,3062,,Nama Khoi,Yes,43947.46
district,306,,Namakwa,Do not know,169.1782
district,306,,Namakwa,No,6600.989
district,306,,Namakwa,Unspecified,446.6124
district,306,,Namakwa,Yes,108270.8
municipality,2105,,Ndlambe,Do not know,0
municipality,2105,,Ndlambe,No,7540.768
municipality,2105,,Ndlambe,Unspecified,69.12264
municipality,2105,,Ndlambe,Yes,55570.49
municipality,5293,,Ndwedwe,Do not know,2561.188
municipality,5293,,Ndwedwe,No,71181.2
municipality,5293,,Ndwedwe,Unspecified,673.954
municipality,5293,,Ndwedwe,Yes,68700.56
municipality,293,,Nelson Mandela Bay,Do not know,3425.533
municipality,2930,,Nelson Mandela Bay,Do not know,3425.533
municipality,293,,Nelson Mandela Bay,Do not know,3425.533
municipality,2930,,Nelson Mandela Bay,Do not know,3425.533
municipality,293,,Nelson Mandela Bay,No,107728.2
municipality,2930,,Nelson Mandela Bay,No,107728.2
municipality,293,,Nelson Mandela Bay,No,107728.2
municipality,2930,,Nelson Mandela Bay,No,107728.2
municipality,293,,Nelson Mandela Bay,Unspecified,2142.099
municipality,2930,,Nelson Mandela Bay,Unspecified,2142.099
municipality,293,,Nelson Mandela Bay,Unspecified,2142.099
municipality,2930,,Nelson Mandela Bay,Unspecified,2142.099
municipality,293,,Nelson Mandela Bay,Yes,1149755
municipality,2930,,Nelson Mandela Bay,Yes,1149755
municipality,293,,Nelson Mandela Bay,Yes,1149755
municipality,2930,,Nelson Mandela Bay,Yes,1149755
municipality,9345,,Collins Chabane,Do not know,1984.411
municipality,9345,,Collins Chabane,No,38146.31
municipality,9345,,Collins Chabane,Unspecified,526.1728
municipality,9345,,Collins Chabane,Yes,307317.5
municipality,5252,,Newcastle,Do not know,525.275
municipality,5252,,Newcastle,No,38496.16
municipality,5252,,Newcastle,Unspecified,433.6813
municipality,5252,,Newcastle,Yes,349661.5
district,638,,Ngaka Modiri Molema,Do not know,11477.63
district,638,,Ngaka Modiri Molema,No,122704.8
district,638,,Ngaka Modiri Molema,Unspecified,2032.661
district,638,,Ngaka Modiri Molema,Yes,752893.3
municipality,2126,,Ngqushwa,Do not know,186.9333
municipality,2126,,Ngqushwa,No,4205.771
municipality,2126,,Ngqushwa,Unspecified,0
municipality,2126,,Ngqushwa,Yes,59301.45
municipality,2153,,Ngquza Hill,Do not know,1313.734
municipality,2153,,Ngquza Hill,No,248641
municipality,2153,,Ngquza Hill,Unspecified,237.8362
municipality,2153,,Ngquza Hill,Yes,53186.38
municipality,4203,,Ngwathe,Do not know,60.23985
municipality,4203,,Ngwathe,No,43585.93
municipality,4203,,Ngwathe,Unspecified,167.6594
municipality,4203,,Ngwathe,Yes,75092.98
municipality,5286,,Nkandla,Do not know,221.0463
municipality,5286,,Nkandla,No,46031.39
municipality,5286,,Nkandla,Unspecified,286.2329
municipality,5286,,Nkandla,Yes,67745.27
district,831,,Nkangala,Do not know,14023.39
district,831,,Nkangala,No,376016.3
district,831,,Nkangala,Unspecified,3332.86
district,831,,Nkangala,Yes,1052251
municipality,4193,,Nketoana,Do not know,36.89419
municipality,4193,,Nketoana,No,16281.57
municipality,4193,,Nketoana,Unspecified,98.13237
municipality,4193,,Nketoana,Yes,48476.67
municipality,8324,,Nkomazi,Do not know,4027.124
municipality,8324,,Nkomazi,No,76252.38
municipality,8324,,Nkomazi,Unspecified,1596.188
municipality,8324,,Nkomazi,Yes,329031.1
municipality,5265,,Nongoma,Do not know,1356.041
municipality,5265,,Nongoma,No,123977.2
municipality,5265,,Nongoma,Unspecified,310.7309
municipality,5265,,Nongoma,Yes,86248.51
province,NW,,North West,Do not know,40333.21
province,NW,,North West,No,704731.8
province,NW,,North West,Unspecified,7799.289
province,NW,,North West,Yes,2995571
province,NC,,Northern Cape,Do not know,4135.9
province,NC,,Northern Cape,No,124456.6
province,NC,,Northern Cape,Unspecified,2786.014
province,NC,,Northern Cape,Yes,1062402
municipality,5242,,Nqutu,Do not know,392.7652
municipality,5242,,Nqutu,No,40226.55
municipality,5242,,Nqutu,Unspecified,348.4569
municipality,5242,,Nqutu,Yes,130357.4
municipality,2444,,Ntabankulu,Do not know,154.0509
municipality,2444,,Ntabankulu,No,78277.5
municipality,2444,,Ntabankulu,Unspecified,0
municipality,2444,,Ntabankulu,Yes,50416.92
municipality,2155,,Nyandeni,Do not know,618.6471
municipality,2155,,Nyandeni,No,192451.9
municipality,2155,,Nyandeni,Unspecified,1444.031
municipality,2155,,Nyandeni,Yes,115187.4
district,215,,O.R.Tambo,Do not know,6540.971
district,215,,O.R.Tambo,No,886225.7
district,215,,O.R.Tambo,Unspecified,3647.435
district,215,,O.R.Tambo,Yes,560970.1
municipality,5235,,Okhahlamba,Do not know,1762.742
municipality,5235,,Okhahlamba,No,45979.35
municipality,5235,,Okhahlamba,Unspecified,67.46494
municipality,5235,,Okhahlamba,Yes,87322.37
municipality,1045,,Oudtshoorn,Do not know,84.74607
municipality,1045,,Oudtshoorn,No,4831.81
municipality,1045,,Oudtshoorn,Unspecified,346.9568
municipality,1045,,Oudtshoorn,Yes,92245.06
district,103,,Overberg,Do not know,724.1592
district,103,,Overberg,No,19815.91
district,103,,Overberg,Unspecified,587.6469
district,103,,Overberg,Yes,265658.6
municipality,1032,,Overstrand,Do not know,173.7491
municipality,1032,,Overstrand,No,8039.43
municipality,1032,,Overstrand,Unspecified,369.4319
municipality,1032,,Overstrand,Yes,84824.88
municipality,3094,,Phokwane,Do not know,134.1006
municipality,3094,,Phokwane,No,5272.962
municipality,3094,,Phokwane,Unspecified,49.2874
municipality,3094,,Phokwane,Yes,54711.21
municipality,4195,,Phumelela,Do not know,95.20654
municipality,4195,,Phumelela,No,12448.08
municipality,4195,,Phumelela,Unspecified,121.8061
municipality,4195,,Phumelela,Yes,37388.43
district,307,,Pixley ka Seme,Do not know,441.1585
district,307,,Pixley ka Seme,No,13503.97
district,307,,Pixley ka Seme,Unspecified,590.8056
district,307,,Pixley ka Seme,Yes,181059.1
municipality,9354,,Polokwane,Do not know,5539.454
municipality,9354,,Polokwane,No,126789
municipality,9354,,Polokwane,Unspecified,2394.725
municipality,9354,,Polokwane,Yes,662403.7
municipality,2154,,Port St Johns,Do not know,322.8879
municipality,2154,,Port St Johns,No,126233.6
municipality,2154,,Port St Johns,Unspecified,423.3058
municipality,2154,,Port St Johns,Yes,39799.1
municipality,1052,,Prince Albert,Do not know,0
municipality,1052,,Prince Albert,No,758.1426
municipality,1052,,Prince Albert,Unspecified,0
municipality,1052,,Prince Albert,Yes,13513.72
municipality,6385,,Ramotshere Moiloa,Do not know,1375.181
municipality,6385,,Ramotshere Moiloa,No,29714.73
municipality,6385,,Ramotshere Moiloa,Unspecified,187.6143
municipality,6385,,Ramotshere Moiloa,Yes,126412.3
municipality,7485,,Rand West City,Do not know,1508.087
municipality,7485,,Rand West City,No,21510.23
municipality,7485,,Rand West City,Unspecified,1023.279
municipality,7485,,Rand West City,Yes,241845
municipality,6381,,Ratlou,Do not know,728.268
municipality,6381,,Ratlou,No,12465.11
municipality,6381,,Ratlou,Unspecified,501.1268
municipality,6381,,Ratlou,Yes,92413.5
municipality,5216,,Ray Nkonyeni,Do not know,1071.329
municipality,5216,,Ray Nkonyeni,No,28765.18
municipality,5216,,Ray Nkonyeni,Unspecified,223.0763
municipality,5216,,Ray Nkonyeni,Yes,318473.8
municipality,2129,,Raymond Mhlaba,Do not know,414.199
municipality,2129,,Raymond Mhlaba,No,11983.19
municipality,2129,,Raymond Mhlaba,Unspecified,9.360407
municipality,2129,,Raymond Mhlaba,Yes,147108.7
municipality,3075,,Renosterberg,Do not know,0
municipality,3075,,Renosterberg,No,332.0311
municipality,3075,,Renosterberg,Unspecified,0
municipality,3075,,Renosterberg,Yes,11486.12
municipality,5227,,Richmond,Do not know,67.71944
municipality,5227,,Richmond,No,13857.65
municipality,5227,,Richmond,Unspecified,276.2137
municipality,5227,,Richmond,Yes,57120.23
municipality,3061,,Richtersveld,Do not know,26.00893
municipality,3061,,Richtersveld,No,3008.807
municipality,3061,,Richtersveld,Unspecified,71.72848
municipality,3061,,Richtersveld,Yes,9380.409
municipality,6373,,Rustenburg,Do not know,2777.877
municipality,6373,,Rustenburg,No,156983.2
municipality,6373,,Rustenburg,Unspecified,734.7555
municipality,6373,,Rustenburg,Yes,466026
municipality,2138,,Sakhisizwe,Do not know,250.642
municipality,2138,,Sakhisizwe,No,8995.246
municipality,2138,,Sakhisizwe,Unspecified,0
municipality,2138,,Sakhisizwe,Yes,54600.42
municipality,1014,,Saldanha Bay,Do not know,246.3373
municipality,1014,,Saldanha Bay,No,7801.325
municipality,1014,,Saldanha Bay,Unspecified,202.9347
municipality,1014,,Saldanha Bay,Yes,102922
district,742,,Sedibeng,Do not know,1530.083
district,742,,Sedibeng,No,43053.8
district,742,,Sedibeng,Unspecified,2897.664
district,742,,Sedibeng,Yes,910046.9
district,947,,Sekhukhune,Do not know,11617.81
district,947,,Sekhukhune,No,441409.5
district,947,,Sekhukhune,Unspecified,6487.071
district,947,,Sekhukhune,Yes,710247.4
municipality,2142,,Senqu,Do not know,324.2081
municipality,2142,,Senqu,No,40756.51
municipality,2142,,Senqu,Unspecified,657.3266
municipality,2142,,Senqu,Yes,98981.72
municipality,4191,,Setsoto,Do not know,1077.445
municipality,4191,,Setsoto,No,23493.7
municipality,4191,,Setsoto,Unspecified,33.03456
municipality,4191,,Setsoto,Yes,92757.81
district,543,,Sisonke,Do not know,1103.957
district,543,,Sisonke,No,208768.5
district,543,,Sisonke,Unspecified,321.1558
district,543,,Sisonke,Yes,300671.5
municipality,3078,,Siyancuma,Do not know,0
municipality,3078,,Siyancuma,No,4303.767
municipality,3078,,Siyancuma,Unspecified,0
municipality,3078,,Siyancuma,Yes,31637.35
municipality,3077,,Siyathemba,Do not know,163.7589
municipality,3077,,Siyathemba,No,685.8605
municipality,3077,,Siyathemba,Unspecified,17.9913
municipality,3077,,Siyathemba,Yes,22207.45
municipality,3091,,Sol Plaatjie,Do not know,795.1756
municipality,3091,,Sol Plaatjie,No,40594.81
municipality,3091,,Sol Plaatjie,Unspecified,731.738
municipality,3091,,Sol Plaatjie,Yes,212919.2
country,ZA,,South Africa,Do not know,360548.7
country,ZA,,South Africa,No,9234458
country,ZA,,South Africa,Unspecified,140483.5
country,ZA,,South Africa,Yes,45918165
municipality,1024,,Stellenbosch,Do not know,1849.053
municipality,1024,,Stellenbosch,No,7087.761
municipality,1024,,Stellenbosch,Unspecified,505.4862
municipality,1024,,Stellenbosch,Yes,163754.7
municipality,8313,,Steve Tshwete,Do not know,1400.609
municipality,8313,,Steve Tshwete,No,60861.71
municipality,8313,,Steve Tshwete,Unspecified,412.1778
municipality,8313,,Steve Tshwete,Yes,216074.9
municipality,2106,,Sundays River Valley,Do not know,1681.926
municipality,2106,,Sundays River Valley,No,8800.683
municipality,2106,,Sundays River Valley,Unspecified,0
municipality,2106,,Sundays River Valley,Yes,49310.08
municipality,1015,,Swartland,Do not know,235.7562
municipality,1015,,Swartland,No,5066.237
municipality,1015,,Swartland,Unspecified,256.7981
municipality,1015,,Swartland,Yes,128203.2
municipality,1034,,Swellendam,Do not know,313.8688
municipality,1034,,Swellendam,No,2196.308
municipality,1034,,Swellendam,Unspecified,0
municipality,1034,,Swellendam,Yes,37701.3
municipality,8321,,Thaba Chweu,Do not know,1687.704
municipality,8321,,Thaba Chweu,No,16040.5
municipality,8321,,Thaba Chweu,Unspecified,320.8021
municipality,8321,,Thaba Chweu,Yes,83846.34
municipality,9361,,Thabazimbi,Do not know,785.4648
municipality,9361,,Thabazimbi,No,40486.44
municipality,9361,,Thabazimbi,Unspecified,283.309
municipality,9361,,Thabazimbi,Yes,54676.76
district,419,,Thabo Mofutsanyane,Do not know,4273.603
district,419,,Thabo Mofutsanyane,No,135110.9
district,419,,Thabo Mofutsanyane,Unspecified,1650.044
district,419,,Thabo Mofutsanyane,Yes,638295.4
municipality,5225,,The Msunduzi,Do not know,1279.744
municipality,5225,,The Msunduzi,No,52017.28
municipality,5225,,The Msunduzi,Unspecified,1381.781
municipality,5225,,The Msunduzi,Yes,624360.4
municipality,1031,,Theewaterskloof,Do not know,188.3596
municipality,1031,,Theewaterskloof,No,7764.934
municipality,1031,,Theewaterskloof,Unspecified,127.924
municipality,1031,,Theewaterskloof,Yes,109086.2
municipality,3076,,Thembelihle,Do not know,0
municipality,3076,,Thembelihle,No,1002.365
municipality,3076,,Thembelihle,Unspecified,217.9681
municipality,3076,,Thembelihle,Yes,15010.13
municipality,8315,,Thembisile,Do not know,6762.926
municipality,8315,,Thembisile,No,38568.31
municipality,8315,,Thembisile,Unspecified,240.7112
municipality,8315,,Thembisile,Yes,287759.4
municipality,9343,,Thulamela,Do not know,3011.859
municipality,9343,,Thulamela,No,97134.56
municipality,9343,,Thulamela,Unspecified,1789.995
municipality,9343,,Thulamela,Yes,395301
municipality,4182,,Tokologo,Do not know,22.49569
municipality,4182,,Tokologo,No,2024.447
municipality,4182,,Tokologo,Unspecified,72.68705
municipality,4182,,Tokologo,Yes,27029.07
municipality,3085,,Tsantsabane,Do not know,155.9872
municipality,3085,,Tsantsabane,No,4405.768
municipality,3085,,Tsantsabane,Unspecified,61.82382
municipality,3085,,Tsantsabane,Yes,34721.38
municipality,6382,,Tswaing,Do not know,3124.815
municipality,6382,,Tswaing,No,19547.03
municipality,6382,,Tswaing,Unspecified,639.8239
municipality,6382,,Tswaing,Yes,105740.3
municipality,4183,,Tswelopele,Do not know,3.084364
municipality,4183,,Tswelopele,No,4060.792
municipality,4183,,Tswelopele,Unspecified,345.8791
municipality,4183,,Tswelopele,Yes,42963.26
municipality,5434,,Ubuhlebezwe,Do not know,65.73363
municipality,5434,,Ubuhlebezwe,No,53086.59
municipality,5434,,Ubuhlebezwe,Unspecified,139.0051
municipality,5434,,Ubuhlebezwe,Yes,65055.09
municipality,3071,,Ubuntu,Do not know,9.111878
municipality,3071,,Ubuntu,No,2229.907
municipality,3071,,Ubuntu,Unspecified,120.5956
municipality,3071,,Ubuntu,Yes,17111.8
district,521,,Ugu,Do not know,4999.903
district,521,,Ugu,No,127725.7
district,521,,Ugu,Unspecified,1319.525
district,521,,Ugu,Yes,619290.8
municipality,5266,,Ulundi,Do not know,6446.795
municipality,5266,,Ulundi,No,79800.51
municipality,5266,,Ulundi,Unspecified,607.1554
municipality,5266,,Ulundi,Yes,118907.3
municipality,5212,,Umdoni,Do not know,743.5225
municipality,5212,,Umdoni,No,22960.84
municipality,5212,,Umdoni,Unspecified,68.76812
municipality,5212,,Umdoni,Yes,120777.4
district,522,,Umgungundlovu,Do not know,4025.55
district,522,,Umgungundlovu,No,148451.8
district,522,,Umgungundlovu,Unspecified,1834.057
district,522,,Umgungundlovu,Yes,941553.2
municipality,5271,,Umhlabuyalingana,Do not know,5506.304
municipality,5271,,Umhlabuyalingana,No,61773.52
municipality,5271,,Umhlabuyalingana,Unspecified,330.4606
municipality,5271,,Umhlabuyalingana,Yes,104466.8
district,527,,Umkhanyakude,Do not know,21177.93
district,527,,Umkhanyakude,No,301110.4
district,527,,Umkhanyakude,Unspecified,2597.962
district,527,,Umkhanyakude,Yes,364204
municipality,3072,,Umsobomvu,Do not know,0
municipality,3072,,Umsobomvu,No,1548.684
municipality,3072,,Umsobomvu,Unspecified,12.78097
municipality,3072,,Umsobomvu,Yes,29321.04
municipality,5245,,Umvoti,Do not know,335.3198
municipality,5245,,Umvoti,No,38769.24
municipality,5245,,Umvoti,Unspecified,126.9285
municipality,5245,,Umvoti,Yes,83191.88
municipality,5435,,Umzimkhulu,Do not know,293.6255
municipality,5435,,Umzimkhulu,No,91688.77
municipality,5435,,Umzimkhulu,Unspecified,182.1508
municipality,5435,,Umzimkhulu,Yes,105121.2
municipality,2442,,Umzimvubu,Do not know,4284.531
municipality,2442,,Umzimvubu,No,86822.14
municipality,2442,,Umzimvubu,Unspecified,461.0152
municipality,2442,,Umzimvubu,Yes,108052.4
district,524,,Umzinyathi,Do not know,1322.021
district,524,,Umzinyathi,No,202933.3
district,524,,Umzinyathi,Unspecified,702.9037
district,524,,Umzinyathi,Yes,349923.6
municipality,5213,,Umzumbe,Do not know,2176.621
municipality,5213,,Umzumbe,No,49506.64
municipality,5213,,Umzumbe,Unspecified,515.5054
municipality,5213,,Umzumbe,Yes,99477.57
district,523,,Uthukela,Do not know,9662.557
district,523,,Uthukela,No,178158.8
district,523,,Uthukela,Unspecified,1593.855
district,523,,Uthukela,Yes,517172.8
district,528,,Uthungulu,Do not know,4157.28
district,528,,Uthungulu,No,199422.8
district,528,,Uthungulu,Unspecified,1997.801
district,528,,Uthungulu,Yes,765556.7
municipality,6405,,Ventersdorp/Tlokwe,Do not know,1934.037
municipality,6405,,Ventersdorp/Tlokwe,No,22229.79
municipality,6405,,Ventersdorp/Tlokwe,Unspecified,371.9816
municipality,6405,,Ventersdorp/Tlokwe,Yes,218991.2
district,934,,Vhembe,Do not know,13857.68
district,934,,Vhembe,No,253352.7
district,934,,Vhembe,Unspecified,3671.036
district,934,,Vhembe,Yes,1123068
municipality,8311,,Victor Khanye,Do not know,707.5062
municipality,8311,,Victor Khanye,No,8395.82
municipality,8311,,Victor Khanye,Unspecified,111.3022
municipality,8311,,Victor Khanye,Yes,74935.98
municipality,2145,,Walter Sisulu,Do not know,36.01772
municipality,2145,,Walter Sisulu,No,4693.425
municipality,2145,,Walter Sisulu,Unspecified,262.3172
municipality,2145,,Walter Sisulu,Yes,82271.26
district,936,,Waterberg,Do not know,3888.205
district,936,,Waterberg,No,163083.5
district,936,,Waterberg,Unspecified,2311.893
district,936,,Waterberg,Yes,576474.2
district,101,,West Coast,Do not know,1138.275
district,101,,West Coast,No,25313.14
district,101,,West Coast,Unspecified,797.2892
district,101,,West Coast,Yes,409154.2
district,748,,West Rand,Do not know,3721.118
district,748,,West Rand,No,55794.22
district,748,,West Rand,Unspecified,2708.913
district,748,,West Rand,Yes,776369.4
province,WC,,Western Cape,Do not know,16163.89
province,WC,,Western Cape,No,372820.2
province,WC,,Western Cape,Unspecified,17415.3
province,WC,,Western Cape,Yes,5873331
municipality,1022,,Witzenberg,Do not know,337.7989
municipality,1022,,Witzenberg,No,17131.82
municipality,1022,,Witzenberg,Unspecified,96.11972
municipality,1022,,Witzenberg,Yes,112981.8
district,416,,Xhariep,Do not know,118.7702
district,416,,Xhariep,No,8832.923
district,416,,Xhariep,Unspecified,695.1972
district,416,,Xhariep,Yes,116237
district,308,,Z F Mgcawu,Do not know,1575.984
district,308,,Z F Mgcawu,No,22598.94
district,308,,Z F Mgcawu,Unspecified,207.5784
district,308,,Z F Mgcawu,Yes,228309.5
district,526,,Zululand,Do not know,21239.59
district,526,,Zululand,No,345411.1
district,526,,Zululand,Unspecified,1525.652
district,526,,Zululand,Yes,524133.4
municipality,5261,,eDumbe,Do not know,3540.326
municipality,5261,,eDumbe,No,21763.78
municipality,5261,,eDumbe,Unspecified,77.85708
municipality,5261,,eDumbe,Yes,64232.26
municipality,595,,eThekwini,Do not know,10888.65
municipality,5950,,eThekwini,Do not know,10888.65
municipality,595,,eThekwini,Do not know,10888.65
municipality,5950,,eThekwini,Do not know,10888.65
municipality,595,,eThekwini,No,289615
municipality,5950,,eThekwini,No,289615
municipality,595,,eThekwini,No,289615
municipality,5950,,eThekwini,No,289615
municipality,595,,eThekwini,Unspecified,6179.659
municipality,5950,,eThekwini,Unspecified,6179.659
municipality,595,,eThekwini,Unspecified,6179.659
municipality,5950,,eThekwini,Unspecified,6179.659
municipality,595,,eThekwini,Yes,3395547
municipality,5950,,eThekwini,Yes,3395547
municipality,595,,eThekwini,Yes,3395547
municipality,5950,,eThekwini,Yes,3395547
district,529,,iLembe,Do not know,3727.181
district,529,,iLembe,No,207251.5
district,529,,iLembe,Unspecified,1094.881
district,529,,iLembe,Yes,445538.8
municipality,5282,,uMhlathuze,Do not know,766.0358
municipality,5282,,uMhlathuze,No,35693.73
municipality,5282,,uMhlathuze,Unspecified,417.5754
municipality,5282,,uMhlathuze,Yes,373587.3
municipality,5284,,uMlalazi,Do not know,365.2242
municipality,5284,,uMlalazi,No,67113.52
municipality,5284,,uMlalazi,Unspecified,945.881
municipality,5284,,uMlalazi,Yes,154715.3
municipality,5222,,uMngeni,Do not know,847.9608
municipality,5222,,uMngeni,No,12549.69
municipality,5222,,uMngeni,Unspecified,43.73484
municipality,5222,,uMngeni,Yes,96425.4
municipality,5221,,uMshwathi,Do not know,1115.088
municipality,5221,,uMshwathi,No,38280.49
municipality,5221,,uMshwathi,Unspecified,35.75213
municipality,5221,,uMshwathi,Yes,72213.51
municipality,5214,,uMuziwabantu,Do not know,1008.431
municipality,5214,,uMuziwabantu,No,26493.09
municipality,5214,,uMuziwabantu,Unspecified,512.1753
municipality,5214,,uMuziwabantu,Yes,80562.08
municipality,5262,,uPhongolo,Do not know,2472.35
municipality,5262,,uPhongolo,No,47282.9
municipality,5262,,uPhongolo,Unspecified,62.19313
municipality,5262,,uPhongolo,Yes,91429.18