geo_level,geo_code,name,population_sex_2019,total
county,30,Baringo,Female,330428
county,36,Bomet,Female,441379
county,39,Bungoma,Female,858389
county,40,Busia,Female,467401
county,28,Elgeyo-Marakwet,Female,227151
county,14,Embu,Female,304367
county,7,Garissa,Female,382344
county,43,Homa Bay,Female,592367
county,11,Isiolo,Female,128483
county,34,Kajiado,Female,560704
county,37,Kakamega,Female,970406
country,KE,Kenya,Female,24014716
county,35,Kericho,Female,451008
county,22,Kiambu,Female,1230454
county,3,Kilifi,Female,749673
county,20,Kirinyaga,Female,308369
county,45,Kisii,Female,661038
county,42,Kisumu,Female,594609
county,15,Kitui,Female,587151
county,2,Kwale,Female,441681
county,31,Laikipia,Female,259102
county,5,Lamu,Female,67813
county,16,Machakos,Female,711191
county,17,Makueni,Female,497942
county,9,Mandera,Female,432444
county,10,Marsabit,Female,216219
county,12,Meru,Female,777975
county,44,Migori,Female,580214
county,1,Mombasa,Female,598046
county,21,Murang'a,Female,532669
county,47,Nairobi,Female,2204376
county,32,Nakuru,Female,1084835
county,29,Nandi,Female,444430
county,33,Narok,Female,578805
county,46,Nyamira,Female,314656
county,18,Nyandarua,Female,323247
county,19,Nyeri,Female,384845
county,25,Samburu,Female,153546
county,41,Siaya,Female,521496
county,6,Taita Taveta,Female,167327
county,4,Tana River,Female,157391
county,13,Tharaka-Nithi,Female,199406
county,26,Trans Nzoia,Female,501206
county,23,Turkana,Female,448868
county,27,Uasin Gishu,Female,582889
county,38,Vihiga,Female,306323
county,8,Wajir,Female,365840
county,24,West Pokot,Female,314213
subcounty,,Aberdare Forest,Female,48
subcounty,,Ainabkoi,Female,69835
subcounty,,Athi River,Female,158172
subcounty,,Awendo,Female,60939
subcounty,,Balambala,Female,11979
subcounty,,Banisa,Female,74288
subcounty,,Baringo Central,Female,48829
subcounty,,Baringo North,Female,52500
subcounty,,Belgut,Female,72564
subcounty,,Bomet Central,Female,87429
subcounty,,Bomet East,Female,73172
subcounty,,Bondo,Female,101917
subcounty,,Borabu,Female,36431
subcounty,,Bumula,Female,112523
subcounty,,Buna,Female,23088
subcounty,,Bungoma Central,Female,91438
subcounty,,Bungoma East,Female,58771
subcounty,,Bungoma North,Female,62526
subcounty,,Bungoma South,Female,148055
subcounty,,Bungoma West,Female,61649
subcounty,,Bunyala,Female,44511
subcounty,,Bureti,Female,100642
subcounty,,Busia,Female,73373
subcounty,,Butere,Female,80463
subcounty,,Butula,Female,75195
subcounty,,Buuri East,Female,38497
subcounty,,Buuri West,Female,40264
subcounty,,Changamwe,Female,63121
subcounty,,Chepalungu,Female,84912
subcounty,,Cheptais,Female,68312
subcounty,,Chesumei,Female,83180
subcounty,,Chonyi,Female,32807
subcounty,,Dadaab,Female,86185
subcounty,,Dagoretti,Female,216526
subcounty,,East Pokot,Female,39459
subcounty,,Eldas,Female,43759
subcounty,,Embakasi,Female,496270
subcounty,,Embu East,Female,64991
subcounty,,Embu North,Female,39888
subcounty,,Embu West,Female,63966
subcounty,,Emuhaya,Female,50633
subcounty,,Endebess,Female,55689
subcounty,,Etago,Female,43647
subcounty,,Fafi,Female,61413
subcounty,,Ganze,Female,76981
subcounty,,Garbatulla,Female,45068
subcounty,,Garissa,Female,80449
subcounty,,Gatanga,Female,93548
subcounty,,Gatundu North,Female,55678
subcounty,,Gatundu South,Female,61714
subcounty,,Gem,Female,94092
subcounty,,Gilgil,Female,92247
subcounty,,Githunguri,Female,83187
subcounty,,Gucha,Female,44108
subcounty,,Gucha South,Female,43598
subcounty,,Habaswein,Female,79505
subcounty,,Hamisi,Female,82337
subcounty,,Homa Bay,Female,61681
subcounty,,Hulugho,Female,55898
subcounty,,Igam bang'ombe,Female,26745
subcounty,,Igem be Central,Female,110200
subcounty,,Igembe North,Female,85949
subcounty,,Igembe South,Female,81446
subcounty,,Ijara,Female,61129
subcounty,,Ikutha,Female,42976
subcounty,,Imenti North,Female,89056
subcounty,,Imenti South,Female,103162
subcounty,,Isinya,Female,104860
subcounty,,Isiolo,Female,60647
subcounty,,Jomvu,Female,80410
subcounty,,Juja,Female,152480
subcounty,,Kabete,Female,101845
subcounty,,Kahuro,Female,44834
subcounty,,Kajiado Central,Female,80343
subcounty,,Kajiado North,Female,155908
subcounty,,Kajiado West,Female,91237
subcounty,,Kakamega Central,Female,95432
subcounty,,Kakamega East,Female,86784
subcounty,,Kakamega Forest,Female,4
subcounty,,Kakamega North,Female,122814
subcounty,,Kakamega South,Female,58524
subcounty,,Kalama,Female,27692
subcounty,,Kaloleni,Female,101063
subcounty,,Kamukunji,Female,131599
subcounty,,Kandara,Female,88393
subcounty,,Kangema,Female,40862
subcounty,,Kangundo,Female,49219
subcounty,,Kapseret,Female,98845
subcounty,,Kasarani,Female,399385
subcounty,,Kathiani,Female,56976
subcounty,,Kathonzweni,Female,40442
subcounty,,Katulani,Female,23957
subcounty,,Kauma,Female,11673
subcounty,,Keiyo North,Female,49574
subcounty,,Keiyo South,Female,59827
subcounty,,Kenyenya,Female,68878
subcounty,,Kericho East,Female,83947
subcounty,,Kesses,Female,74493
subcounty,,Khwisero,Female,59803
subcounty,,Kiambaa,Female,120695
subcounty,,Kiambu,Female,76225
subcounty,,Kibish,Female,18117
subcounty,,Kibra,Female,91569
subcounty,,Kibwezi,Female,98517
subcounty,,Kieni East,Female,55012
subcounty,,Kieni West,Female,44677
subcounty,,Kigumo,Female,68929
subcounty,,Kikuyu,Female,96198
subcounty,,Kilifi North,Female,91836
subcounty,,Kilifi South,Female,104897
subcounty,,Kilungu,Female,31932
subcounty,,Kimilili-Bungoma,Female,83475
subcounty,,Kiminini,Female,124730
subcounty,,Kinango,Female,48806
subcounty,,Kinangop,Female,56679
subcounty,,Kipipiri,Female,47740
subcounty,,Kipkelion,Female,61460
subcounty,,Kipkomo,Female,51703
subcounty,,Kirinyaga Central,Female,62617
subcounty,,Kirinyaga East,Female,68514
subcounty,,Kirinyaga West,Female,58502
subcounty,,Kisasi,Female,23496
subcounty,,Kisauni,Female,145176
subcounty,,Kisii Central,Female,85573
subcounty,,Kisii South,Female,70615
subcounty,,Kisumu Central,Female,89985
subcounty,,Kisumu East,Female,112689
subcounty,,Kisumu West,Female,87121
subcounty,,Kitui Central,Female,53863
subcounty,,Kitui West,Female,36983
subcounty,,Kitutu Central,Female,79561
subcounty,,Koibatek,Female,64238
subcounty,,Konoin,Female,80384
subcounty,,Kuresoi North,Female,87599
subcounty,,Kuresoi South,Female,77117
subcounty,,Kuria East,Female,49894
subcounty,,Kuria West,Female,107417
subcounty,,Kutulo,Female,36593
subcounty,,Kwanza,Female,103584
subcounty,,Kyuso,Female,40077
subcounty,,Lafey,Female,42976
subcounty,,Lagdera,Female,25291
subcounty,,Laikipia Central,Female,47705
subcounty,,Laikipia East,Female,50732
subcounty,,Laikipia North,Female,18116
subcounty,,Laikipia West,Female,64102
subcounty,,Lamu East,Female,10583
subcounty,,Lamu West,Female,57230
subcounty,,Lang'ata,Female,100774
subcounty,,Lari,Female,68238
subcounty,,Likoni,Female,123392
subcounty,,Likuyani,Female,78341
subcounty,,Limuru,Female,79682
subcounty,,Loima,Female,53453
subcounty,,Loitokitok,Female,97225
subcounty,,Loiyangalani,Female,18051
subcounty,,Londiani,Female,69000
subcounty,,Lower Yatta,Female,31628
subcounty,,Luanda,Female,55165
subcounty,,Lugari,Female,63593
subcounty,,Lungalunga,Female,101245
subcounty,,Maara,Female,57205
subcounty,,Machakos,Female,85114
subcounty,,Magarini,Female,98308
subcounty,,Makadara,Female,93157
subcounty,,Makindu,Female,42742
subcounty,,Makueni,Female,64955
subcounty,,Malindi,Female,169866
subcounty,,Mandera Central,Female,85527
subcounty,,Mandera East,Female,76095
subcounty,,Mandera North,Female,66835
subcounty,,Mandera West,Female,50130
subcounty,,Manga,Female,49339
subcounty,,Marakwet East,Female,49190
subcounty,,Marakwet West,Female,68560
subcounty,,Marani,Female,56864
subcounty,,Marigat,Female,45246
subcounty,,Mars abit Central,Female,38214
subcounty,,Marsabit North,Female,24205
subcounty,,Marsabit South,Female,32161
subcounty,,Mas aba South,Female,64248
subcounty,,Mas huuru,Female,31131
subcounty,,Masaba North,Female,58974
subcounty,,Masinga,Female,75001
subcounty,,Matete,Female,34423
subcounty,,Mathare,Female,100028
subcounty,,Mathioya,Female,47359
subcounty,,Mathira East,Female,50992
subcounty,,Mathira West,Female,30412
subcounty,,Matinyani,Female,24448
subcounty,,Matuga,Female,98419
subcounty,,Matungu,Female,88143
subcounty,,Matungulu,Female,80407
subcounty,,Mau Forest,Female,4
subcounty,,Mbeere North,Female,55360
subcounty,,Mbeere South,Female,80159
subcounty,,Mbooni East,Female,49601
subcounty,,Mbooni West,Female,53159
subcounty,,Merti,Female,22768
subcounty,,Meru Central,Female,66894
subcounty,,Meru National Park,Female,102
subcounty,,Meru South,Female,46155
subcounty,,Migwani,Female,41726
subcounty,,Mirangine,Female,33766
subcounty,,Mogotio,Female,45088
subcounty,,Moiben,Female,91027
subcounty,,Molo,Female,78598
subcounty,,Moyale,Female,52508
subcounty,,Msambweni,Female,88480
subcounty,,Mt Elgon,Female,39893
subcounty,,Mt Elgon Forest,Female,1759
subcounty,,Mt Kenya Forest,Female,343
subcounty,,Muhoroni,Female,77345
subcounty,,Mukaa,Female,53068
subcounty,,Mukurwe-ini,Female,45156
subcounty,,Mum oni,Female,15596
subcounty,,Mumias East,Female,60953
subcounty,,Mumias West,Female,60438
subcounty,,Murang'a East,Female,55645
subcounty,,Murang'a South,Female,93087
subcounty,,Mutitu,Female,28896
subcounty,,Mutitu North,Female,10877
subcounty,,Mutomo,Female,58531
subcounty,,Mvita,Female,78601
subcounty,,Mwala,Female,91466
subcounty,,Mwatate,Female,40231
subcounty,,Mwea East,Female,66114
subcounty,,Mwea West,Female,52594
subcounty,,Mwingi Central,Female,56174
subcounty,,Mwingi East,Female,44820
subcounty,,Naivasha,Female,176132
subcounty,,Nakuru East,Female,100960
subcounty,,Nakuru North,Female,111880
subcounty,,Nakuru West,Female,96854
subcounty,,Nambale,Female,58732
subcounty,,Nandi Central,Female,74255
subcounty,,Nandi East,Female,59271
subcounty,,Nandi North,Female,83656
subcounty,,Nandi South,Female,87029
subcounty,,Narok East,Female,56617
subcounty,,Narok North,Female,123829
subcounty,,Narok South,Female,120029
subcounty,,Narok West,Female,98198
subcounty,,Navakholo,Female,80695
subcounty,,Ndhiwa,Female,114422
subcounty,,Njiru,Female,318809
subcounty,,Njoro,Female,120408
subcounty,,North Horr,Female,29726
subcounty,,Nyahururu,Female,78447
subcounty,,Nyakach,Female,79082
subcounty,,Nyali,Female,107346
subcounty,,Nyamache,Female,68782
subcounty,,Nyamira North,Female,86947
subcounty,,Nyamira South,Female,82965
subcounty,,Nyandarua Central,Female,37931
subcounty,,Nyandarua North,Female,50210
subcounty,,Nyandarua South,Female,47708
subcounty,,Nyandarua West,Female,49209
subcounty,,Nyando,Female,84380
subcounty,,Nyatike,Female,92164
subcounty,,Nyeri Central,Female,70380
subcounty,,Nyeri South,Female,46964
subcounty,,Nzambani,Female,23857
subcounty,,Nzaui,Female,63526
subcounty,,Pokot Central,Female,59331
subcounty,,Pokot North,Female,69702
subcounty,,Pokot South,Female,40851
subcounty,,Rabai,Female,62242
subcounty,,Rachuonyo East,Female,64111
subcounty,,Rachuonyo North,Female,93273
subcounty,,Rachuonyo South,Female,69151
subcounty,,Rangwe,Female,62325
subcounty,,Rarieda,Female,79999
subcounty,,Rongai,Female,99922
subcounty,,Rongo,Female,65329
subcounty,,Ruiru,Female,190144
subcounty,,Sabatia,Female,68683
subcounty,,Samburu Central,Female,81307
subcounty,,Samburu East,Female,39782
subcounty,,Samburu North,Female,32457
subcounty,,Samburu-Kwale,Female,104731
subcounty,,Sameta,Female,35164
subcounty,,Samia,Female,56341
subcounty,,Seme,Female,64007
subcounty,,Siaya,Female,118433
subcounty,,Soin Sigowet,Female,63395
subcounty,,Sololo,Female,21354
subcounty,,Sotik,Female,115482
subcounty,,Soy,Female,115007
subcounty,,Starehe,Female,101238
subcounty,,Suba North,Female,64406
subcounty,,Suba South,Female,62998
subcounty,,Subukia,Female,43118
subcounty,,Suna East,Female,63694
subcounty,,Suna West,Female,67459
subcounty,,Taita Taveta,Female,27573
subcounty,,Tana Delta,Female,57632
subcounty,,Tana North,Female,54924
subcounty,,Tarbaj,Female,30086
subcounty,,Taita Taveta,Female,43812
subcounty,,Teso North,Female,71619
subcounty,,Teso South,Female,87630
subcounty,,Tetu,Female,41155
subcounty,,Thagicu,Female,7994
subcounty,,Tharaka North,Female,30053
subcounty,,Tharaka South,Female,39058
subcounty,,Thika East,Female,19264
subcounty,,Thika West,Female,125104
subcounty,,Tiaty East,Female,35068
subcounty,,Tigania Central,Female,52916
subcounty,,Tigania East,Female,37194
subcounty,,Tigania West,Female,72241
subcounty,,Tinderet,Female,57039
subcounty,,Tongaren,Female,51657
subcounty,,Trans Mara East,Female,56637
subcounty,,Trans Mara West,Female,123491
subcounty,,Trans Nzoia East,Female,116029
subcounty,,Trans Nzoia West,Female,101174
subcounty,,Tseikuru,Female,21252
subcounty,,Turbo,Female,133682
subcounty,,Turkana Central,Female,92160
subcounty,,Turkana East,Female,61643
subcounty,,Turkana North,Female,32408
subcounty,,Turkana South,Female,75329
subcounty,,Turkana West,Female,115758
subcounty,,Ugenya,Female,71726
subcounty,,Ugunja,Female,55329
subcounty,,Uriri,Female,73318
subcounty,,Vihiga,Female,49501
subcounty,,Voi,Female,55711
subcounty,,Wajir East,Female,51292
subcounty,,Wajir North,Female,30209
subcounty,,Wajir South,Female,51864
subcounty,,Wajir West,Female,56037
subcounty,,Webuye West,Female,78331
subcounty,,West Pokot,Female,92626
subcounty,,Westlands,Female,155021
subcounty,,Yatta,Female,87144
county,30,Baringo,Intersex,13
county,36,Bomet,Intersex,23
county,39,Bungoma,Intersex,35
county,40,Busia,Intersex,28
county,28,Elgeyo-Marakwet,Intersex,12
county,14,Embu,Intersex,24
county,7,Garissa,Intersex,34
county,43,Homa Bay,Intersex,23
county,11,Isiolo,Intersex,9
county,34,Kajiado,Intersex,38
county,37,Kakamega,Intersex,40
country,KE,Kenya,Intersex,1524
county,35,Kericho,Intersex,28
county,22,Kiambu,Intersex,135
county,3,Kilifi,Intersex,25
county,20,Kirinyaga,Intersex,31
county,45,Kisii,Intersex,38
county,42,Kisumu,Intersex,23
county,15,Kitui,Intersex,33
county,2,Kwale,Intersex,18
county,31,Laikipia,Intersex,18
county,5,Lamu,Intersex,4
county,16,Machakos,Intersex,34
county,17,Makueni,Intersex,20
county,9,Mandera,Intersex,37
county,10,Marsabit,Intersex,18
county,12,Meru,Intersex,41
county,44,Migori,Intersex,35
county,1,Mombasa,Intersex,30
county,21,Murang'a,Intersex,31
county,47,Nairobi,Intersex,245
county,32,Nakuru,Intersex,95
county,29,Nandi,Intersex,22
county,33,Narok,Intersex,26
county,46,Nyamira,Intersex,13
county,18,Nyandarua,Intersex,20
county,19,Nyeri,Intersex,31
county,25,Samburu,Intersex,7
county,41,Siaya,Intersex,18
county,6,Taita Taveta,Intersex,7
county,4,Tana River,Intersex,2
county,13,Tharaka-Nithi,Intersex,7
county,26,Trans Nzoia,Intersex,28
county,23,Turkana,Intersex,21
county,27,Uasin Gishu,Intersex,28
county,38,Vihiga,Intersex,12
county,8,Wajir,Intersex,49
county,24,West Pokot,Intersex,15
subcounty,,Aberdare Forest,Intersex,0
subcounty,,Ainabkoi,Intersex,1
subcounty,,Athi River,Intersex,5
subcounty,,Awendo,Intersex,3
subcounty,,Balambala,Intersex,1
subcounty,,Banisa,Intersex,9
subcounty,,Baringo Central,Intersex,2
subcounty,,Baringo North,Intersex,2
subcounty,,Belgut,Intersex,
subcounty,,Bomet Central,Intersex,4
subcounty,,Bomet East,Intersex,8
subcounty,,Bondo,Intersex,4
subcounty,,Borabu,Intersex,
subcounty,,Bumula,Intersex,1
subcounty,,Buna,Intersex,2
subcounty,,Bungoma Central,Intersex,8
subcounty,,Bungoma East,Intersex,2
subcounty,,Bungoma North,Intersex,1
subcounty,,Bungoma South,Intersex,5
subcounty,,Bungoma West,Intersex,1
subcounty,,Bunyala,Intersex,1
subcounty,,Bureti,Intersex,5
subcounty,,Busia,Intersex,1
subcounty,,Butere,Intersex,3
subcounty,,Butula,Intersex,3
subcounty,,Buuri East,Intersex,
subcounty,,Buuri West,Intersex,2
subcounty,,Changamwe,Intersex,
subcounty,,Chepalungu,Intersex,4
subcounty,,Cheptais,Intersex,6
subcounty,,Chesumei,Intersex,4
subcounty,,Chonyi,Intersex,1
subcounty,,Dadaab,Intersex,8
subcounty,,Dagoretti,Intersex,31
subcounty,,East Pokot,Intersex,2
subcounty,,Eldas,Intersex,7
subcounty,,Embakasi,Intersex,62
subcounty,,Embu East,Intersex,2
subcounty,,Embu North,Intersex,3
subcounty,,Embu West,Intersex,9
subcounty,,Emuhaya,Intersex,1
subcounty,,Endebess,Intersex,3
subcounty,,Etago,Intersex,3
subcounty,,Fafi,Intersex,10
subcounty,,Ganze,Intersex,4
subcounty,,Garbatulla,Intersex,1
subcounty,,Garissa,Intersex,5
subcounty,,Gatanga,Intersex,4
subcounty,,Gatundu North,Intersex,3
subcounty,,Gatundu South,Intersex,5
subcounty,,Gem,Intersex,4
subcounty,,Gilgil,Intersex,7
subcounty,,Githunguri,Intersex,8
subcounty,,Gucha,Intersex,1
subcounty,,Gucha South,Intersex,3
subcounty,,Habaswein,Intersex,16
subcounty,,Hamisi,Intersex,3
subcounty,,Homa Bay,Intersex,2
subcounty,,Hulugho,Intersex,5
subcounty,,Igam bang'ombe,Intersex,1
subcounty,,Igem be Central,Intersex,4
subcounty,,Igembe North,Intersex,4
subcounty,,Igembe South,Intersex,8
subcounty,,Ijara,Intersex,4
subcounty,,Ikutha,Intersex,2
subcounty,,Imenti North,Intersex,5
subcounty,,Imenti South,Intersex,6
subcounty,,Isinya,Intersex,6
subcounty,,Isiolo,Intersex,5
subcounty,,Jomvu,Intersex,3
subcounty,,Juja,Intersex,22
subcounty,,Kabete,Intersex,14
subcounty,,Kahuro,Intersex,7
subcounty,,Kajiado Central,Intersex,5
subcounty,,Kajiado North,Intersex,13
subcounty,,Kajiado West,Intersex,5
subcounty,,Kakamega Central,Intersex,6
subcounty,,Kakamega East,Intersex,4
subcounty,,Kakamega Forest,Intersex,
subcounty,,Kakamega North,Intersex,5
subcounty,,Kakamega South,Intersex,
subcounty,,Kalama,Intersex,6
subcounty,,Kaloleni,Intersex,5
subcounty,,Kamukunji,Intersex,7
subcounty,,Kandara,Intersex,7
subcounty,,Kangema,Intersex,3
subcounty,,Kangundo,Intersex,1
subcounty,,Kapseret,Intersex,4
subcounty,,Kasarani,Intersex,37
subcounty,,Kathiani,Intersex,4
subcounty,,Kathonzweni,Intersex,3
subcounty,,Katulani,Intersex,1
subcounty,,Kauma,Intersex,
subcounty,,Keiyo North,Intersex,1
subcounty,,Keiyo South,Intersex,4
subcounty,,Kenyenya,Intersex,3
subcounty,,Kericho East,Intersex,7
subcounty,,Kesses,Intersex,4
subcounty,,Khwisero,Intersex,3
subcounty,,Kiambaa,Intersex,15
subcounty,,Kiambu,Intersex,17
subcounty,,Kibish,Intersex,1
subcounty,,Kibra,Intersex,9
subcounty,,Kibwezi,Intersex,6
subcounty,,Kieni East,Intersex,4
subcounty,,Kieni West,Intersex,5
subcounty,,Kigumo,Intersex,3
subcounty,,Kikuyu,Intersex,5
subcounty,,Kilifi North,Intersex,2
subcounty,,Kilifi South,Intersex,4
subcounty,,Kilungu,Intersex,1
subcounty,,Kimilili-Bungoma,Intersex,3
subcounty,,Kiminini,Intersex,6
subcounty,,Kinango,Intersex,1
subcounty,,Kinangop,Intersex,4
subcounty,,Kipipiri,Intersex,2
subcounty,,Kipkelion,Intersex,4
subcounty,,Kipkomo,Intersex,7
subcounty,,Kirinyaga Central,Intersex,5
subcounty,,Kirinyaga East,Intersex,8
subcounty,,Kirinyaga West,Intersex,4
subcounty,,Kisasi,Intersex,
subcounty,,Kisauni,Intersex,6
subcounty,,Kisii Central,Intersex,3
subcounty,,Kisii South,Intersex,5
subcounty,,Kisumu Central,Intersex,5
subcounty,,Kisumu East,Intersex,4
subcounty,,Kisumu West,Intersex,3
subcounty,,Kitui Central,Intersex,5
subcounty,,Kitui West,Intersex,1
subcounty,,Kitutu Central,Intersex,6
subcounty,,Koibatek,Intersex,2
subcounty,,Konoin,Intersex,3
subcounty,,Kuresoi North,Intersex,3
subcounty,,Kuresoi South,Intersex,3
subcounty,,Kuria East,Intersex,9
subcounty,,Kuria West,Intersex,6
subcounty,,Kutulo,Intersex,2
subcounty,,Kwanza,Intersex,3
subcounty,,Kyuso,Intersex,1
subcounty,,Lafey,Intersex,5
subcounty,,Lagdera,Intersex,1
subcounty,,Laikipia Central,Intersex,1
subcounty,,Laikipia East,Intersex,5
subcounty,,Laikipia North,Intersex,1
subcounty,,Laikipia West,Intersex,3
subcounty,,Lamu East,Intersex,
subcounty,,Lamu West,Intersex,4
subcounty,,Lang'ata,Intersex,17
subcounty,,Lari,Intersex,4
subcounty,,Likoni,Intersex,4
subcounty,,Likuyani,Intersex,4
subcounty,,Limuru,Intersex,
subcounty,,Loima,Intersex,1
subcounty,,Loitokitok,Intersex,8
subcounty,,Loiyangalani,Intersex,3
subcounty,,Londiani,Intersex,10
subcounty,,Lower Yatta,Intersex,
subcounty,,Luanda,Intersex,4
subcounty,,Lugari,Intersex,
subcounty,,Lungalunga,Intersex,4
subcounty,,Maara,Intersex,
subcounty,,Machakos,Intersex,6
subcounty,,Magarini,Intersex,
subcounty,,Makadara,Intersex,10
subcounty,,Makindu,Intersex,
subcounty,,Makueni,Intersex,2
subcounty,,Malindi,Intersex,9
subcounty,,Mandera Central,Intersex,5
subcounty,,Mandera East,Intersex,5
subcounty,,Mandera North,Intersex,7
subcounty,,Mandera West,Intersex,4
subcounty,,Manga,Intersex,2
subcounty,,Marakwet East,Intersex,2
subcounty,,Marakwet West,Intersex,5
subcounty,,Marani,Intersex,2
subcounty,,Marigat,Intersex,3
subcounty,,Mars abit Central,Intersex,11
subcounty,,Marsabit North,Intersex,1
subcounty,,Marsabit South,Intersex,
subcounty,,Mas aba South,Intersex,5
subcounty,,Mas huuru,Intersex,1
subcounty,,Masaba North,Intersex,2
subcounty,,Masinga,Intersex,2
subcounty,,Matete,Intersex,
subcounty,,Mathare,Intersex,14
subcounty,,Mathioya,Intersex,1
subcounty,,Mathira East,Intersex,3
subcounty,,Mathira West,Intersex,3
subcounty,,Matinyani,Intersex,1
subcounty,,Matuga,Intersex,2
subcounty,,Matungu,Intersex,4
subcounty,,Matungulu,Intersex,5
subcounty,,Mau Forest,Intersex,
subcounty,,Mbeere North,Intersex,4
subcounty,,Mbeere South,Intersex,6
subcounty,,Mbooni East,Intersex,3
subcounty,,Mbooni West,Intersex,1
subcounty,,Merti,Intersex,3
subcounty,,Meru Central,Intersex,4
subcounty,,Meru National Park,Intersex,
subcounty,,Meru South,Intersex,2
subcounty,,Migwani,Intersex,4
subcounty,,Mirangine,Intersex,1
subcounty,,Mogotio,Intersex,2
subcounty,,Moiben,Intersex,2
subcounty,,Molo,Intersex,5
subcounty,,Moyale,Intersex,1
subcounty,,Msambweni,Intersex,4
subcounty,,Mt Elgon,Intersex,3
subcounty,,Mt Elgon Forest,Intersex,
subcounty,,Mt Kenya Forest,Intersex,0
subcounty,,Muhoroni,Intersex,1
subcounty,,Mukaa,Intersex,
subcounty,,Mukurwe-ini,Intersex,6
subcounty,,Mum oni,Intersex,
subcounty,,Mumias East,Intersex,3
subcounty,,Mumias West,Intersex,1
subcounty,,Murang'a East,Intersex,1
subcounty,,Murang'a South,Intersex,5
subcounty,,Mutitu,Intersex,3
subcounty,,Mutitu North,Intersex,1
subcounty,,Mutomo,Intersex,6
subcounty,,Mvita,Intersex,5
subcounty,,Mwala,Intersex,3
subcounty,,Mwatate,Intersex,2
subcounty,,Mwea East,Intersex,8
subcounty,,Mwea West,Intersex,6
subcounty,,Mwingi Central,Intersex,
subcounty,,Mwingi East,Intersex,5
subcounty,,Naivasha,Intersex,29
subcounty,,Nakuru East,Intersex,10
subcounty,,Nakuru North,Intersex,15
subcounty,,Nakuru West,Intersex,10
subcounty,,Nambale,Intersex,4
subcounty,,Nandi Central,Intersex,7
subcounty,,Nandi East,Intersex,3
subcounty,,Nandi North,Intersex,3
subcounty,,Nandi South,Intersex,3
subcounty,,Narok East,Intersex,7
subcounty,,Narok North,Intersex,9
subcounty,,Narok South,Intersex,2
subcounty,,Narok West,Intersex,4
subcounty,,Navakholo,Intersex,7
subcounty,,Ndhiwa,Intersex,8
subcounty,,Njiru,Intersex,31
subcounty,,Njoro,Intersex,4
subcounty,,North Horr,Intersex,2
subcounty,,Nyahururu,Intersex,8
subcounty,,Nyakach,Intersex,1
subcounty,,Nyali,Intersex,12
subcounty,,Nyamache,Intersex,3
subcounty,,Nyamira North,Intersex,6
subcounty,,Nyamira South,Intersex,3
subcounty,,Nyandarua Central,Intersex,2
subcounty,,Nyandarua North,Intersex,2
subcounty,,Nyandarua South,Intersex,5
subcounty,,Nyandarua West,Intersex,4
subcounty,,Nyando,Intersex,7
subcounty,,Nyatike,Intersex,9
subcounty,,Nyeri Central,Intersex,3
subcounty,,Nyeri South,Intersex,2
subcounty,,Nzambani,Intersex,2
subcounty,,Nzaui,Intersex,4
subcounty,,Pokot Central,Intersex,3
subcounty,,Pokot North,Intersex,3
subcounty,,Pokot South,Intersex,2
subcounty,,Rabai,Intersex,
subcounty,,Rachuonyo East,Intersex,2
subcounty,,Rachuonyo North,Intersex,4
subcounty,,Rachuonyo South,Intersex,
subcounty,,Rangwe,Intersex,3
subcounty,,Rarieda,Intersex,2
subcounty,,Rongai,Intersex,8
subcounty,,Rongo,Intersex,1
subcounty,,Ruiru,Intersex,20
subcounty,,Sabatia,Intersex,1
subcounty,,Samburu Central,Intersex,2
subcounty,,Samburu East,Intersex,1
subcounty,,Samburu North,Intersex,4
subcounty,,Samburu-Kwale,Intersex,7
subcounty,,Sameta,Intersex,4
subcounty,,Samia,Intersex,14
subcounty,,Seme,Intersex,2
subcounty,,Siaya,Intersex,4
subcounty,,Soin Sigowet,Intersex,2
subcounty,,Sololo,Intersex,
subcounty,,Sotik,Intersex,4
subcounty,,Soy,Intersex,5
subcounty,,Starehe,Intersex,12
subcounty,,Suba North,Intersex,2
subcounty,,Suba South,Intersex,2
subcounty,,Subukia,Intersex,1
subcounty,,Suna East,Intersex,3
subcounty,,Suna West,Intersex,1
subcounty,,Taita Taveta,Intersex,
subcounty,,Tana Delta,Intersex,2
subcounty,,Tana North,Intersex,
subcounty,,Tarbaj,Intersex,5
subcounty,,Taita Taveta,Intersex,
subcounty,,Teso North,Intersex,3
subcounty,,Teso South,Intersex,2
subcounty,,Tetu,Intersex,5
subcounty,,Thagicu,Intersex,1
subcounty,,Tharaka North,Intersex,2
subcounty,,Tharaka South,Intersex,2
subcounty,,Thika East,Intersex,4
subcounty,,Thika West,Intersex,18
subcounty,,Tiaty East,Intersex,
subcounty,,Tigania Central,Intersex,
subcounty,,Tigania East,Intersex,3
subcounty,,Tigania West,Intersex,5
subcounty,,Tinderet,Intersex,2
subcounty,,Tongaren,Intersex,1
subcounty,,Trans Mara East,Intersex,1
subcounty,,Trans Mara West,Intersex,3
subcounty,,Trans Nzoia East,Intersex,11
subcounty,,Trans Nzoia West,Intersex,5
subcounty,,Tseikuru,Intersex,
subcounty,,Turbo,Intersex,12
subcounty,,Turkana Central,Intersex,
subcounty,,Turkana East,Intersex,12
subcounty,,Turkana North,Intersex,
subcounty,,Turkana South,Intersex,5
subcounty,,Turkana West,Intersex,2
subcounty,,Ugenya,Intersex,4
subcounty,,Ugunja,Intersex,
subcounty,,Uriri,Intersex,3
subcounty,,Vihiga,Intersex,3
subcounty,,Voi,Intersex,5
subcounty,,Wajir East,Intersex,3
subcounty,,Wajir North,Intersex,7
subcounty,,Wajir South,Intersex,3
subcounty,,Wajir West,Intersex,6
subcounty,,Webuye West,Intersex,4
subcounty,,West Pokot,Intersex,
subcounty,,Westlands,Intersex,15
subcounty,,Yatta,Intersex,2
county,30,Baringo,Male,336322
county,36,Bomet,Male,434287
county,39,Bungoma,Male,812146
county,40,Busia,Male,426252
county,28,Elgeyo-Marakwet,Male,227317
county,14,Embu,Male,304208
county,7,Garissa,Male,458975
county,43,Homa Bay,Male,539560
county,11,Isiolo,Male,139510
county,34,Kajiado,Male,557098
county,37,Kakamega,Male,897133
country,KE,Kenya,Male,23548056
county,35,Kericho,Male,450741
county,22,Kiambu,Male,1187146
county,3,Kilifi,Male,704089
county,20,Kirinyaga,Male,302011
county,45,Kisii,Male,605784
county,42,Kisumu,Male,560942
county,15,Kitui,Male,549003
county,2,Kwale,Male,425121
county,31,Laikipia,Male,259440
county,5,Lamu,Male,76103
county,16,Machakos,Male,710707
county,17,Makueni,Male,489691
county,9,Mandera,Male,434976
county,10,Marsabit,Male,243548
county,12,Meru,Male,767698
county,44,Migori,Male,536187
county,1,Mombasa,Male,610257
county,21,Murang'a,Male,523940
county,47,Nairobi,Male,2192452
county,32,Nakuru,Male,1077272
county,29,Nandi,Male,441259
county,33,Narok,Male,579042
county,46,Nyamira,Male,290907
county,18,Nyandarua,Male,315022
county,19,Nyeri,Male,374288
county,25,Samburu,Male,156774
county,41,Siaya,Male,471669
county,6,Taita Taveta,Male,173337
county,4,Tana River,Male,158550
county,13,Tharaka-Nithi,Male,193764
county,26,Trans Nzoia,Male,489107
county,23,Turkana,Male,478087
county,27,Uasin Gishu,Male,580269
county,38,Vihiga,Male,283678
county,8,Wajir,Male,415374
county,24,West Pokot,Male,307013
subcounty,,Aberdare Forest,Male,116
subcounty,,Ainabkoi,Male,68348
subcounty,,Athi River,Male,164322
subcounty,,Awendo,Male,56348
subcounty,,Balambala,Male,20277
subcounty,,Banisa,Male,78301
subcounty,,Baringo Central,Male,48120
subcounty,,Baringo North,Male,52369
subcounty,,Belgut,Male,72508
subcounty,,Bomet Central,Male,87782
subcounty,,Bomet East,Male,71095
subcounty,,Bondo,Male,95962
subcounty,,Borabu,Male,36736
subcounty,,Bumula,Male,103368
subcounty,,Buna,Male,26796
subcounty,,Bungoma Central,Male,86302
subcounty,,Bungoma East,Male,55775
subcounty,,Bungoma North,Male,58790
subcounty,,Bungoma South,Male,139705
subcounty,,Bungoma West,Male,58225
subcounty,,Bunyala,Male,41465
subcounty,,Bureti,Male,98823
subcounty,,Busia,Male,69034
subcounty,,Butere,Male,73634
subcounty,,Butula,Male,65136
subcounty,,Buuri East,Male,38101
subcounty,,Buuri West,Male,40496
subcounty,,Changamwe,Male,68761
subcounty,,Chepalungu,Male,79921
subcounty,,Cheptais,Male,67717
subcounty,,Chesumei,Male,80949
subcounty,,Chonyi,Male,29527
subcounty,,Dadaab,Male,99059
subcounty,,Dagoretti,Male,217651
subcounty,,East Pokot,Male,40462
subcounty,,Eldas,Male,44743
subcounty,,Embakasi,Male,492476
subcounty,,Embu East,Male,64571
subcounty,,Embu North,Male,39665
subcounty,,Embu West,Male,63125
subcounty,,Emuhaya,Male,46507
subcounty,,Endebess,Male,56090
subcounty,,Etago,Male,40137
subcounty,,Fafi,Male,72617
subcounty,,Ganze,Male,66921
subcounty,,Garbatulla,Male,54661
subcounty,,Garissa,Male,83460
subcounty,,Gatanga,Male,94437
subcounty,,Gatundu North,Male,54189
subcounty,,Gatundu South,Male,60384
subcounty,,Gem,Male,85696
subcounty,,Gilgil,Male,92955
subcounty,,Githunguri,Male,82037
subcounty,,Gucha,Male,39631
subcounty,,Gucha South,Male,40022
subcounty,,Habaswein,Male,94613
subcounty,,Hamisi,Male,76901
subcounty,,Homa Bay,Male,55756
subcounty,,Hulugho,Male,78081
subcounty,,Igam bang'ombe,Male,26464
subcounty,,Igem be Central,Male,111208
subcounty,,Igembe North,Male,83364
subcounty,,Igembe South,Male,80192
subcounty,,Ijara,Male,80458
subcounty,,Ikutha,Male,39986
subcounty,,Imenti North,Male,88506
subcounty,,Imenti South,Male,103338
subcounty,,Isinya,Male,105607
subcounty,,Isiolo,Male,60414
subcounty,,Jomvu,Male,83002
subcounty,,Juja,Male,148446
subcounty,,Kabete,Male,97794
subcounty,,Kahuro,Male,43352
subcounty,,Kajiado Central,Male,81514
subcounty,,Kajiado North,Male,150675
subcounty,,Kajiado West,Male,91607
subcounty,,Kakamega Central,Male,92774
subcounty,,Kakamega East,Male,80853
subcounty,,Kakamega Forest,Male,13
subcounty,,Kakamega North,Male,115511
subcounty,,Kakamega South,Male,53219
subcounty,,Kalama,Male,26764
subcounty,,Kaloleni,Male,92614
subcounty,,Kamukunji,Male,136670
subcounty,,Kandara,Male,86698
subcounty,,Kangema,Male,39582
subcounty,,Kangundo,Male,48697
subcounty,,Kapseret,Male,99650
subcounty,,Kasarani,Male,381234
subcounty,,Kathiani,Male,54910
subcounty,,Kathonzweni,Male,39335
subcounty,,Katulani,Male,23150
subcounty,,Kauma,Male,10965
subcounty,,Keiyo North,Male,49601
subcounty,,Keiyo South,Male,60919
subcounty,,Kenyenya,Male,62859
subcounty,,Kericho East,Male,86671
subcounty,,Kesses,Male,74301
subcounty,,Khwisero,Male,53670
subcounty,,Kiambaa,Male,115690
subcounty,,Kiambu,Male,69661
subcounty,,Kibish,Male,18651
subcounty,,Kibra,Male,94199
subcounty,,Kibwezi,Male,98477
subcounty,,Kieni East,Male,55360
subcounty,,Kieni West,Male,43843
subcounty,,Kigumo,Male,67989
subcounty,,Kikuyu,Male,90919
subcounty,,Kilifi North,Male,86986
subcounty,,Kilifi South,Male,101852
subcounty,,Kilungu,Male,29019
subcounty,,Kimilili-Bungoma,Male,78560
subcounty,,Kiminini,Male,118087
subcounty,,Kinango,Male,45413
subcounty,,Kinangop,Male,54727
subcounty,,Kipipiri,Male,46113
subcounty,,Kipkelion,Male,61066
subcounty,,Kipkomo,Male,50923
subcounty,,Kirinyaga Central,Male,60118
subcounty,,Kirinyaga East,Male,67037
subcounty,,Kirinyaga West,Male,56154
subcounty,,Kisasi,Male,22646
subcounty,,Kisauni,Male,146748
subcounty,,Kisii Central,Male,81330
subcounty,,Kisii South,Male,64514
subcounty,,Kisumu Central,Male,84155
subcounty,,Kisumu East,Male,108304
subcounty,,Kisumu West,Male,85697
subcounty,,Kitui Central,Male,52123
subcounty,,Kitui West,Male,33887
subcounty,,Kitutu Central,Male,74608
subcounty,,Koibatek,Male,65295
subcounty,,Konoin,Male,83120
subcounty,,Kuresoi North,Male,87472
subcounty,,Kuresoi South,Male,78204
subcounty,,Kuria East,Male,46969
subcounty,,Kuria West,Male,101090
subcounty,,Kutulo,Male,35799
subcounty,,Kwanza,Male,100234
subcounty,,Kyuso,Male,36789
subcounty,,Lafey,Male,40476
subcounty,,Lagdera,Male,25023
subcounty,,Laikipia Central,Male,47888
subcounty,,Laikipia East,Male,52078
subcounty,,Laikipia North,Male,18067
subcounty,,Laikipia West,Male,65158
subcounty,,Lamu East,Male,11675
subcounty,,Lamu West,Male,64428
subcounty,,Lang'ata,Male,96698
subcounty,,Lari,Male,67061
subcounty,,Likoni,Male,126962
subcounty,,Likuyani,Male,73710
subcounty,,Limuru,Male,79632
subcounty,,Loima,Male,54341
subcounty,,Loitokitok,Male,94613
subcounty,,Loiyangalani,Male,17659
subcounty,,Londiani,Male,68570
subcounty,,Lower Yatta,Male,31701
subcounty,,Luanda,Male,51525
subcounty,,Lugari,Male,59135
subcounty,,Lungalunga,Male,97174
subcounty,,Maara,Male,57689
subcounty,,Machakos,Male,85486
subcounty,,Magarini,Male,93302
subcounty,,Makadara,Male,96369
subcounty,,Makindu,Male,42204
subcounty,,Makueni,Male,65418
subcounty,,Malindi,Male,163351
subcounty,,Mandera Central,Male,71688
subcounty,,Mandera East,Male,83538
subcounty,,Mandera North,Male,77008
subcounty,,Mandera West,Male,48166
subcounty,,Manga,Male,44868
subcounty,,Marakwet East,Male,47849
subcounty,,Marakwet West,Male,68948
subcounty,,Marani,Male,50598
subcounty,,Marigat,Male,45706
subcounty,,Mars abit Central,Male,40956
subcounty,,Marsabit North,Male,30091
subcounty,,Marsabit South,Male,33215
subcounty,,Mas aba South,Male,58143
subcounty,,Mas huuru,Male,33082
subcounty,,Masaba North,Male,52884
subcounty,,Masinga,Male,73519
subcounty,,Matete,Male,31749
subcounty,,Mathare,Male,106522
subcounty,,Mathioya,Male,45454
subcounty,,Mathira East,Male,48070
subcounty,,Mathira West,Male,29480
subcounty,,Matinyani,Male,23362
subcounty,,Matuga,Male,95831
subcounty,,Matungu,Male,78793
subcounty,,Matungulu,Male,81145
subcounty,,Mau Forest,Male,28
subcounty,,Mbeere North,Male,53517
subcounty,,Mbeere South,Male,83311
subcounty,,Mbooni East,Male,48152
subcounty,,Mbooni West,Male,49434
subcounty,,Merti,Male,24435
subcounty,,Meru Central,Male,66920
subcounty,,Meru National Park,Male,283
subcounty,,Meru South,Male,44923
subcounty,,Migwani,Male,37525
subcounty,,Mirangine,Male,33447
subcounty,,Mogotio,Male,46014
subcounty,,Moiben,Male,90309
subcounty,,Molo,Male,78129
subcounty,,Moyale,Male,56440
subcounty,,Msambweni,Male,89206
subcounty,,Mt Elgon,Male,38977
subcounty,,Mt Elgon Forest,Male,1862
subcounty,,Mt Kenya Forest,Male,820
subcounty,,Muhoroni,Male,76770
subcounty,,Mukaa,Male,54481
subcounty,,Mukurwe-ini,Male,43975
subcounty,,Mum oni,Male,13748
subcounty,,Mumias East,Male,55895
subcounty,,Mumias West,Male,54915
subcounty,,Murang'a East,Male,54665
subcounty,,Murang'a South,Male,91732
subcounty,,Mutitu,Male,26388
subcounty,,Mutitu North,Male,10337
subcounty,,Mutomo,Male,54819
subcounty,,Mvita,Male,75565
subcounty,,Mwala,Male,90427
subcounty,,Mwatate,Male,41426
subcounty,,Mwea East,Male,66432
subcounty,,Mwea West,Male,52228
subcounty,,Mwingi Central,Male,52539
subcounty,,Mwingi East,Male,40314
subcounty,,Naivasha,Male,179222
subcounty,,Nakuru East,Male,92956
subcounty,,Nakuru North,Male,106155
subcounty,,Nakuru West,Male,101797
subcounty,,Nambale,Male,52900
subcounty,,Nandi Central,Male,73291
subcounty,,Nandi East,Male,59899
subcounty,,Nandi North,Male,82512
subcounty,,Nandi South,Male,85718
subcounty,,Narok East,Male,58699
subcounty,,Narok North,Male,128024
subcounty,,Narok South,Male,118441
subcounty,,Narok West,Male,97085
subcounty,,Navakholo,Male,73275
subcounty,,Ndhiwa,Male,103706
subcounty,,Njiru,Male,307642
subcounty,,Njoro,Male,118361
subcounty,,North Horr,Male,41719
subcounty,,Nyahururu,Male,76249
subcounty,,Nyakach,Male,71237
subcounty,,Nyali,Male,109219
subcounty,,Nyamache,Male,62113
subcounty,,Nyamira North,Male,80314
subcounty,,Nyamira South,Male,76105
subcounty,,Nyandarua Central,Male,37329
subcounty,,Nyandarua North,Male,48486
subcounty,,Nyandarua South,Male,46157
subcounty,,Nyandarua West,Male,48752
subcounty,,Nyando,Male,77121
subcounty,,Nyatike,Male,83989
subcounty,,Nyeri Central,Male,69955
subcounty,,Nyeri South,Male,44115
subcounty,,Nzambani,Male,22929
subcounty,,Nzaui,Male,63171
subcounty,,Pokot Central,Male,59682
subcounty,,Pokot North,Male,64780
subcounty,,Pokot South,Male,39808
subcounty,,Rabai,Male,58571
subcounty,,Rachuonyo East,Male,57709
subcounty,,Rachuonyo North,Male,85409
subcounty,,Rachuonyo South,Male,61663
subcounty,,Rangwe,Male,55404
subcounty,,Rarieda,Male,72569
subcounty,,Rongai,Male,99976
subcounty,,Rongo,Male,59257
subcounty,,Ruiru,Male,180947
subcounty,,Sabatia,Male,62944
subcounty,,Samburu Central,Male,83633
subcounty,,Samburu East,Male,38211
subcounty,,Samburu North,Male,34930
subcounty,,Samburu-Kwale,Male,97497
subcounty,,Sameta,Male,31829
subcounty,,Samia,Male,50821
subcounty,,Seme,Male,57658
subcounty,,Siaya,Male,105906
subcounty,,Soin Sigowet,Male,63103
subcounty,,Sololo,Male,23468
subcounty,,Sotik,Male,112369
subcounty,,Soy,Male,114082
subcounty,,Starehe,Male,109173
subcounty,,Suba North,Male,60530
subcounty,,Suba South,Male,59383
subcounty,,Subukia,Male,42045
subcounty,,Suna East,Male,58977
subcounty,,Suna West,Male,61430
subcounty,,Taita Taveta,Male,28386
subcounty,,Tana Delta,Male,59123
subcounty,,Tana North,Male,55716
subcounty,,Tarbaj,Male,27141
subcounty,,Taita Taveta,Male,47410
subcounty,,Teso North,Male,66412
subcounty,,Teso South,Male,80484
subcounty,,Tetu,Male,39293
subcounty,,Thagicu,Male,7141
subcounty,,Tharaka North,Male,28290
subcounty,,Tharaka South,Male,36190
subcounty,,Thika East,Male,19688
subcounty,,Thika West,Male,120698
subcounty,,Tiaty East,Male,38356
subcounty,,Tigania Central,Male,51814
subcounty,,Tigania East,Male,35352
subcounty,,Tigania West,Male,67715
subcounty,,Tinderet,Male,58890
subcounty,,Tongaren,Male,48685
subcounty,,Trans Mara East,Male,54545
subcounty,,Trans Mara West,Male,122220
subcounty,,Trans Nzoia East,Male,113498
subcounty,,Trans Nzoia West,Male,101198
subcounty,,Tseikuru,Male,19619
subcounty,,Turbo,Male,133579
subcounty,,Turkana Central,Male,93145
subcounty,,Turkana East,Male,76871
subcounty,,Turkana North,Male,32810
subcounty,,Turkana South,Male,78402
subcounty,,Turkana West,Male,123867
subcounty,,Ugenya,Male,62624
subcounty,,Ugunja,Male,48912
subcounty,,Uriri,Male,68127
subcounty,,Vihiga,Male,45788
subcounty,,Voi,Male,56115
subcounty,,Wajir East,Male,59359
subcounty,,Wajir North,Male,31990
subcounty,,Wajir South,Male,64947
subcounty,,Wajir West,Male,65785
subcounty,,Webuye West,Male,74180
subcounty,,West Pokot,Male,91820
subcounty,,Westlands,Male,153818
subcounty,,Yatta,Male,85437