geo_level,geo_code,goe_version,name,variable,value
municipality,292,,Buffalo City,Do not know,808.4682
municipality,2920,,Buffalo City,Do not know,808.4682
municipality,292,,Buffalo City,Do not know,808.4682
municipality,2920,,Buffalo City,Do not know,808.4682
municipality,292,,Buffalo City,No,570812.7
municipality,2920,,Buffalo City,No,570812.7
municipality,292,,Buffalo City,No,570812.7
municipality,2920,,Buffalo City,No,570812.7
municipality,292,,Buffalo City,Unspecified,488.6178
municipality,2920,,Buffalo City,Unspecified,488.6178
municipality,292,,Buffalo City,Unspecified,488.6178
municipality,2920,,Buffalo City,Unspecified,488.6178
municipality,292,,Buffalo City,Yes,262887.4
municipality,2920,,Buffalo City,Yes,262887.4
municipality,292,,Buffalo City,Yes,262887.4
municipality,2920,,Buffalo City,Yes,262887.4
municipality,191,,City of Cape Town,Do not know,10238.19
municipality,1910,,City of Cape Town,Do not know,10238.19
municipality,191,,City of Cape Town,Do not know,10238.19
municipality,1910,,City of Cape Town,Do not know,10238.19
municipality,191,,City of Cape Town,No,3362110
municipality,1910,,City of Cape Town,No,3362110
municipality,191,,City of Cape Town,No,3362110
municipality,1910,,City of Cape Town,No,3362110
municipality,191,,City of Cape Town,Unspecified,2853.561
municipality,1910,,City of Cape Town,Unspecified,2853.561
municipality,191,,City of Cape Town,Unspecified,2853.561
municipality,1910,,City of Cape Town,Unspecified,2853.561
municipality,191,,City of Cape Town,Yes,629813.6
municipality,1910,,City of Cape Town,Yes,629813.6
municipality,191,,City of Cape Town,Yes,629813.6
municipality,1910,,City of Cape Town,Yes,629813.6
district,210,,Cacadu,Do not know,2337.871
district,210,,Cacadu,No,371761.9
district,210,,Cacadu,Unspecified,174.8271
district,210,,Cacadu,Yes,105648.2
district,212,,Amathole,Do not know,2211.752
district,212,,Amathole,No,581198.9
district,212,,Amathole,Unspecified,379.9563
district,212,,Amathole,Yes,296999.7
district,213,,Chris Hani,Do not know,977.8843
district,213,,Chris Hani,No,629284.9
district,213,,Chris Hani,Unspecified,134.6047
district,213,,Chris Hani,Yes,209657.3
district,214,,Joe Gqabi,Do not know,938.6098
district,214,,Joe Gqabi,No,286154.7
district,214,,Joe Gqabi,Unspecified,379.2884
district,214,,Joe Gqabi,Yes,85439.2
district,215,,O.R.Tambo,Do not know,4229.342
district,215,,O.R.Tambo,No,992907.6
district,215,,O.R.Tambo,Unspecified,1035.069
district,215,,O.R.Tambo,Yes,459212.3
district,416,,Xhariep,Do not know,417.9288
district,416,,Xhariep,No,98387.98
district,416,,Xhariep,Unspecified,90.8579
district,416,,Xhariep,Yes,26987.12
district,418,,Lejweleputswa,Do not know,629.1605
district,418,,Lejweleputswa,No,449604.5
district,418,,Lejweleputswa,Unspecified,326.5724
district,418,,Lejweleputswa,Yes,196359.6
district,419,,Thabo Mofutsanyane,Do not know,1026.602
district,419,,Thabo Mofutsanyane,No,562110.9
district,419,,Thabo Mofutsanyane,Unspecified,425.6078
district,419,,Thabo Mofutsanyane,Yes,215766.9
district,101,,West Coast,Do not know,922.9231
district,101,,West Coast,No,364381.8
district,101,,West Coast,Unspecified,212.9294
district,101,,West Coast,Yes,70885.29
district,420,,Fezile Dabi,Do not know,1047.634
district,420,,Fezile Dabi,No,376393.2
district,420,,Fezile Dabi,Unspecified,192.0092
district,420,,Fezile Dabi,Yes,117144
district,521,,Ugu,Do not know,818.8265
district,521,,Ugu,No,495597.1
district,521,,Ugu,Unspecified,73.48546
district,521,,Ugu,Yes,256846.6
district,522,,Umgungundlovu,Do not know,2325.207
district,522,,Umgungundlovu,No,847467.7
district,522,,Umgungundlovu,Unspecified,887.418
district,522,,Umgungundlovu,Yes,245184.3
district,523,,Uthukela,Do not know,1150.245
district,523,,Uthukela,No,410913.3
district,523,,Uthukela,Unspecified,9.40778
district,523,,Uthukela,Yes,294515.1
district,524,,Umzinyathi,Do not know,56.27475
district,524,,Umzinyathi,No,336477.8
district,524,,Umzinyathi,Unspecified,103.7199
district,524,,Umzinyathi,Yes,218244
district,525,,Amajuba,Do not know,377.2947
district,525,,Amajuba,No,361850.8
district,525,,Amajuba,Unspecified,14.55263
district,525,,Amajuba,Yes,169084.2
district,526,,Zululand,Do not know,2787.725
district,526,,Zululand,No,540297.6
district,526,,Zululand,Unspecified,359.2487
district,526,,Zululand,Yes,348865.1
district,527,,Umkhanyakude,Do not know,3224.668
district,527,,Umkhanyakude,No,421441.4
district,527,,Umkhanyakude,Unspecified,311.6346
district,527,,Umkhanyakude,Yes,264112.5
district,528,,Uthungulu,Do not know,775.8062
district,528,,Uthungulu,No,599357.9
district,528,,Uthungulu,Unspecified,214.0253
district,528,,Uthungulu,Yes,370786.9
district,529,,iLembe,Do not know,433.1507
district,529,,iLembe,No,460386.5
district,529,,iLembe,Unspecified,187.8989
district,529,,iLembe,Yes,196604.8
district,102,,Cape Winelands,Do not know,1084.334
district,102,,Cape Winelands,No,726534.4
district,102,,Cape Winelands,Unspecified,1375.627
district,102,,Cape Winelands,Yes,137006.3
district,830,,Gert Sibande,Do not know,3451.454
district,830,,Gert Sibande,No,842651.9
district,830,,Gert Sibande,Unspecified,538.8308
district,830,,Gert Sibande,Yes,288767.2
district,831,,Nkangala,Do not know,4561.037
district,831,,Nkangala,No,1071712
district,831,,Nkangala,Unspecified,700.5939
district,831,,Nkangala,Yes,368650.2
district,832,,Ehlanzeni,Do not know,14654.26
district,832,,Ehlanzeni,No,1331159
district,832,,Ehlanzeni,Unspecified,1000.416
district,832,,Ehlanzeni,Yes,408117.2
district,933,,Mopani,Do not know,1794.85
district,933,,Mopani,No,883488.5
district,933,,Mopani,Unspecified,884.3726
district,933,,Mopani,Yes,273017.7
district,934,,Vhembe,Do not know,1974.398
district,934,,Vhembe,No,1105613
district,934,,Vhembe,Unspecified,482.5425
district,934,,Vhembe,Yes,285879.3
district,935,,Capricorn,Do not know,2652.239
district,935,,Capricorn,No,1144048
district,935,,Capricorn,Unspecified,741.4863
district,935,,Capricorn,Yes,182994.1
district,936,,Waterberg,Do not know,791.7704
district,936,,Waterberg,No,601615.7
district,936,,Waterberg,Unspecified,719.6498
district,936,,Waterberg,Yes,142630.6
district,637,,Bojanala,Do not know,5423.044
district,637,,Bojanala,No,1283559
district,637,,Bojanala,Unspecified,564.6205
district,637,,Bojanala,Yes,367601.8
district,638,,Ngaka Modiri Molema,Do not know,1123.356
district,638,,Ngaka Modiri Molema,No,598449.1
district,638,,Ngaka Modiri Molema,Unspecified,381.7136
district,638,,Ngaka Modiri Molema,Yes,289154.3
district,639,,Dr Ruth Segomotsi Mompati,Do not know,865.3798
district,639,,Dr Ruth Segomotsi Mompati,No,284939.6
district,639,,Dr Ruth Segomotsi Mompati,Unspecified,106.9868
district,639,,Dr Ruth Segomotsi Mompati,Yes,173445.5
district,103,,Overberg,Do not know,1099.36
district,103,,Overberg,No,238798.4
district,103,,Overberg,Unspecified,144.1996
district,103,,Overberg,Yes,46744.4
district,640,,Dr Kenneth Kaunda,Do not know,3603.198
district,640,,Dr Kenneth Kaunda,No,491781.6
district,640,,Dr Kenneth Kaunda,Unspecified,241.7923
district,640,,Dr Kenneth Kaunda,Yes,247194.7
district,742,,Sedibeng,Do not know,2383.163
district,742,,Sedibeng,No,795711.4
district,742,,Sedibeng,Unspecified,842.3054
district,742,,Sedibeng,Yes,158591.5
district,543,,Sisonke,Do not know,279.5453
district,543,,Sisonke,No,356358.2
district,543,,Sisonke,Unspecified,0
district,543,,Sisonke,Yes,154227.3
district,244,,Alfred Nzo,Do not know,722.2585
district,244,,Alfred Nzo,No,596826.3
district,244,,Alfred Nzo,Unspecified,221.6267
district,244,,Alfred Nzo,Yes,270093.9
district,345,,John Taolo Gaetsewe,Do not know,477.4343
district,345,,John Taolo Gaetsewe,No,137740.7
district,345,,John Taolo Gaetsewe,Unspecified,286.0373
district,345,,John Taolo Gaetsewe,Yes,103760.2
district,947,,Sekhukhune,Do not know,13128.15
district,947,,Sekhukhune,No,876594.9
district,947,,Sekhukhune,Unspecified,883.5692
district,947,,Sekhukhune,Yes,279155.2
district,748,,West Rand,Do not know,2762.127
district,748,,West Rand,No,680863
district,748,,West Rand,Unspecified,592.536
district,748,,West Rand,Yes,154376
district,104,,Eden,Do not know,2461.333
district,104,,Eden,No,513722.2
district,104,,Eden,Unspecified,712.1451
district,104,,Eden,Yes,94382.03
district,105,,Central Karoo,Do not know,21.53469
district,105,,Central Karoo,No,61104.04
district,105,,Central Karoo,Unspecified,94.12557
district,105,,Central Karoo,Yes,13027.53
district,306,,Namakwa,Do not know,320.8595
district,306,,Namakwa,No,87611.96
district,306,,Namakwa,Unspecified,159.7927
district,306,,Namakwa,Yes,27394.98
district,307,,Pixley ka Seme,Do not know,323.6675
district,307,,Pixley ka Seme,No,133200.3
district,307,,Pixley ka Seme,Unspecified,0
district,307,,Pixley ka Seme,Yes,62071.08
district,308,,Z F Mgcawu,Do not know,699.0348
district,308,,Z F Mgcawu,No,174186.2
district,308,,Z F Mgcawu,Unspecified,61.76475
district,308,,Z F Mgcawu,Yes,77744.99
district,309,,Frances Baard,Do not know,558.5569
district,309,,Frances Baard,No,294555.9
district,309,,Frances Baard,Unspecified,527.8658
district,309,,Frances Baard,Yes,92098.93
municipality,2101,,Dr Beyers Naude,Do not know,0
municipality,2101,,Dr Beyers Naude,No,69353.58
municipality,2101,,Dr Beyers Naude,Unspecified,0
municipality,2101,,Dr Beyers Naude,Yes,12843.14
municipality,2102,,Blue Crane Route,Do not know,165.1032
municipality,2102,,Blue Crane Route,No,26206.85
municipality,2102,,Blue Crane Route,Unspecified,0
municipality,2102,,Blue Crane Route,Yes,9691.304
municipality,2104,,Makana,Do not know,195.4082
municipality,2104,,Makana,No,64822.07
municipality,2104,,Makana,Unspecified,0
municipality,2104,,Makana,Yes,17042.58
municipality,2105,,Ndlambe,Do not know,17.33914
municipality,2105,,Ndlambe,No,46279.48
municipality,2105,,Ndlambe,Unspecified,0
municipality,2105,,Ndlambe,Yes,16883.56
municipality,2106,,Sundays River Valley,Do not know,324.6956
municipality,2106,,Sundays River Valley,No,38622.93
municipality,2106,,Sundays River Valley,Unspecified,44.94193
municipality,2106,,Sundays River Valley,Yes,20800.13
municipality,2108,,Kouga,Do not know,1510.245
municipality,2108,,Kouga,No,85129.06
municipality,2108,,Kouga,Unspecified,129.8851
municipality,2108,,Kouga,Yes,26172.11
municipality,2109,,Kou-Kamma,Do not know,125.0796
municipality,2109,,Kou-Kamma,No,41347.98
municipality,2109,,Kou-Kamma,Unspecified,0
municipality,2109,,Kou-Kamma,Yes,2215.398
municipality,2121,,Mbhashe,Do not know,985.1431
municipality,2121,,Mbhashe,No,192195.9
municipality,2121,,Mbhashe,Unspecified,88.71358
municipality,2121,,Mbhashe,Yes,83979.98
municipality,2122,,Mnquma,Do not know,531.2651
municipality,2122,,Mnquma,No,156074.1
municipality,2122,,Mnquma,Unspecified,263.3754
municipality,2122,,Mnquma,Yes,89944.6
municipality,2123,,Great Kei,Do not know,0
municipality,2123,,Great Kei,No,19464.38
municipality,2123,,Great Kei,Unspecified,0
municipality,2123,,Great Kei,Yes,12227.69
municipality,2124,,Amahlathi,Do not know,260.3168
municipality,2124,,Amahlathi,No,70090.4
municipality,2124,,Amahlathi,Unspecified,27.86734
municipality,2124,,Amahlathi,Yes,31446.96
municipality,2126,,Ngqushwa,Do not know,0
municipality,2126,,Ngqushwa,No,35963.95
municipality,2126,,Ngqushwa,Unspecified,0
municipality,2126,,Ngqushwa,Yes,27730.2
municipality,2129,,Raymond Mhlaba,Do not know,435.0275
municipality,2129,,Raymond Mhlaba,No,107410.2
municipality,2129,,Raymond Mhlaba,Unspecified,0
municipality,2129,,Raymond Mhlaba,Yes,51670.25
municipality,2131,,Inxuba Yethemba,Do not know,230.5188
municipality,2131,,Inxuba Yethemba,No,52059.22
municipality,2131,,Inxuba Yethemba,Unspecified,0
municipality,2131,,Inxuba Yethemba,Yes,18202.9
municipality,2135,,Intsika Yethu,Do not know,207.3716
municipality,2135,,Intsika Yethu,No,121113.3
municipality,2135,,Intsika Yethu,Unspecified,7.496843
municipality,2135,,Intsika Yethu,Yes,30830.39
municipality,2136,,Emalahleni,Do not know,57.02319
municipality,8312,,Emalahleni,Do not know,57.02319
municipality,2136,,Emalahleni,No,85378.68
municipality,8312,,Emalahleni,No,85378.68
municipality,2136,,Emalahleni,Unspecified,0
municipality,8312,,Emalahleni,Unspecified,0
municipality,2136,,Emalahleni,Yes,39096.54
municipality,8312,,Emalahleni,Yes,39096.54
municipality,2137,,Engcobo,Do not know,0
municipality,2137,,Engcobo,No,131317.9
municipality,2137,,Engcobo,Unspecified,48.71065
municipality,2137,,Engcobo,Yes,30647.13
municipality,2138,,Sakhisizwe,Do not know,32.57103
municipality,2138,,Sakhisizwe,No,43579.83
municipality,2138,,Sakhisizwe,Unspecified,0
municipality,2138,,Sakhisizwe,Yes,20233.9
municipality,2139,,Enoch Mgijima,Do not know,450.3997
municipality,2139,,Enoch Mgijima,No,195836
municipality,2139,,Enoch Mgijima,Unspecified,78.39722
municipality,2139,,Enoch Mgijima,Yes,70646.42
municipality,2141,,Elundini,Do not know,638.6646
municipality,2141,,Elundini,No,102852.5
municipality,2141,,Elundini,Unspecified,277.5517
municipality,2141,,Elundini,Yes,41160.3
municipality,2142,,Senqu,Do not know,202.2351
municipality,2142,,Senqu,No,110192.5
municipality,2142,,Senqu,Unspecified,68.80058
municipality,2142,,Senqu,Yes,30256.23
municipality,2145,,Walter Sisulu,Do not know,97.71009
municipality,2145,,Walter Sisulu,No,73109.7
municipality,2145,,Walter Sisulu,Unspecified,32.93606
municipality,2145,,Walter Sisulu,Yes,14022.67
municipality,2153,,Ngquza Hill,Do not know,78.17899
municipality,2153,,Ngquza Hill,No,188764.7
municipality,2153,,Ngquza Hill,Unspecified,24.45311
municipality,2153,,Ngquza Hill,Yes,114511.6
municipality,2154,,Port St Johns,Do not know,54.24256
municipality,2154,,Port St Johns,No,118218.5
municipality,2154,,Port St Johns,Unspecified,161.0902
municipality,2154,,Port St Johns,Yes,48345.12
municipality,2155,,Nyandeni,Do not know,336.6702
municipality,2155,,Nyandeni,No,204951
municipality,2155,,Nyandeni,Unspecified,326.2475
municipality,2155,,Nyandeni,Yes,104088
municipality,2156,,Mhlontlo,Do not know,973.6757
municipality,2156,,Mhlontlo,No,145343.3
municipality,2156,,Mhlontlo,Unspecified,130.7404
municipality,2156,,Mhlontlo,Yes,42728.14
municipality,2157,,King Sabata Dalindyebo,Do not know,2786.574
municipality,2157,,King Sabata Dalindyebo,No,335630.1
municipality,2157,,King Sabata Dalindyebo,Unspecified,392.5382
municipality,2157,,King Sabata Dalindyebo,Yes,149539.4
municipality,2441,,Matatiele,Do not know,212.1979
municipality,2441,,Matatiele,No,143895.1
municipality,2441,,Matatiele,Unspecified,0
municipality,2441,,Matatiele,Yes,75340.08
municipality,2442,,Umzimvubu,Do not know,354.0445
municipality,2442,,Umzimvubu,No,135665.2
municipality,2442,,Umzimvubu,Unspecified,0
municipality,2442,,Umzimvubu,Yes,63600.85
municipality,2443,,Mbizana,Do not know,0
municipality,2443,,Mbizana,No,220931.5
municipality,2443,,Mbizana,Unspecified,221.6267
municipality,2443,,Mbizana,Yes,98794.95
municipality,2444,,Ntabankulu,Do not know,156.0162
municipality,2444,,Ntabankulu,No,96334.47
municipality,2444,,Ntabankulu,Unspecified,0
municipality,2444,,Ntabankulu,Yes,32357.99
province,EC,,Eastern Cape,Do not know,14717.9
province,EC,,Eastern Cape,No,4949073
province,EC,,Eastern Cape,Unspecified,2878.295
province,EC,,Eastern Cape,Yes,2030307
municipality,797,,Ekurhuleni,Do not know,17327.57
municipality,7970,,Ekurhuleni,Do not know,17327.57
municipality,797,,Ekurhuleni,Do not know,17327.57
municipality,7970,,Ekurhuleni,Do not know,17327.57
municipality,797,,Ekurhuleni,No,2806287
municipality,7970,,Ekurhuleni,No,2806287
municipality,797,,Ekurhuleni,No,2806287
municipality,7970,,Ekurhuleni,No,2806287
municipality,797,,Ekurhuleni,Unspecified,2860.59
municipality,7970,,Ekurhuleni,Unspecified,2860.59
municipality,797,,Ekurhuleni,Unspecified,2860.59
municipality,7970,,Ekurhuleni,Unspecified,2860.59
municipality,797,,Ekurhuleni,Yes,552629.2
municipality,7970,,Ekurhuleni,Yes,552629.2
municipality,797,,Ekurhuleni,Yes,552629.2
municipality,7970,,Ekurhuleni,Yes,552629.2
municipality,595,,eThekwini,Do not know,7517.161
municipality,5950,,eThekwini,Do not know,7517.161
municipality,595,,eThekwini,Do not know,7517.161
municipality,5950,,eThekwini,Do not know,7517.161
municipality,595,,eThekwini,No,3114207
municipality,5950,,eThekwini,No,3114207
municipality,595,,eThekwini,No,3114207
municipality,5950,,eThekwini,No,3114207
municipality,595,,eThekwini,Unspecified,1415.442
municipality,5950,,eThekwini,Unspecified,1415.442
municipality,595,,eThekwini,Unspecified,1415.442
municipality,5950,,eThekwini,Unspecified,1415.442
municipality,595,,eThekwini,Yes,579091.2
municipality,5950,,eThekwini,Yes,579091.2
municipality,595,,eThekwini,Yes,579091.2
municipality,5950,,eThekwini,Yes,579091.2
municipality,4161,,Letsemeng,Do not know,74.76301
municipality,4161,,Letsemeng,No,32937.38
municipality,4161,,Letsemeng,Unspecified,0
municipality,4161,,Letsemeng,Yes,7032.157
municipality,4162,,Kopanong,Do not know,79.14926
municipality,4162,,Kopanong,No,40249.46
municipality,4162,,Kopanong,Unspecified,90.8579
municipality,4162,,Kopanong,Yes,9579.771
municipality,4163,,Mohokare,Do not know,264.0165
municipality,4163,,Mohokare,No,25201.14
municipality,4163,,Mohokare,Unspecified,0
municipality,4163,,Mohokare,Yes,10375.19
municipality,4181,,Masilonyana,Do not know,0
municipality,4181,,Masilonyana,No,41778.2
municipality,4181,,Masilonyana,Unspecified,13.09131
municipality,4181,,Masilonyana,Yes,20978.68
municipality,4182,,Tokologo,Do not know,59.91712
municipality,4182,,Tokologo,No,23382.27
municipality,4182,,Tokologo,Unspecified,0
municipality,4182,,Tokologo,Yes,5706.509
municipality,4183,,Tswelopele,Do not know,0
municipality,4183,,Tswelopele,No,25784.41
municipality,4183,,Tswelopele,Unspecified,45.53584
municipality,4183,,Tswelopele,Yes,21543.07
municipality,4184,,Matjhabeng,Do not know,360.117
municipality,4184,,Matjhabeng,No,310613.7
municipality,4184,,Matjhabeng,Unspecified,267.9452
municipality,4184,,Matjhabeng,Yes,117871.3
municipality,4185,,Nala,Do not know,209.1264
municipality,4185,,Nala,No,48045.96
municipality,4185,,Nala,Unspecified,0
municipality,4185,,Nala,Yes,30260.07
municipality,4191,,Setsoto,Do not know,52.04109
municipality,4191,,Setsoto,No,76693.16
municipality,4191,,Setsoto,Unspecified,95.60753
municipality,4191,,Setsoto,Yes,40521.18
municipality,4192,,Dihlabeng,Do not know,33.95272
municipality,4192,,Dihlabeng,No,113280.3
municipality,4192,,Dihlabeng,Unspecified,121.434
municipality,4192,,Dihlabeng,Yes,26608.03
municipality,4193,,Nketoana,Do not know,0
municipality,4193,,Nketoana,No,52852.7
municipality,4193,,Nketoana,Unspecified,82.55808
municipality,4193,,Nketoana,Yes,11958.01
municipality,4194,,Maluti a Phofung,Do not know,743.1675
municipality,4194,,Maluti a Phofung,No,240523.2
municipality,4194,,Maluti a Phofung,Unspecified,115.1102
municipality,4194,,Maluti a Phofung,Yes,112070.6
municipality,4195,,Phumelela,Do not know,0
municipality,4195,,Phumelela,No,40269.55
municipality,4195,,Phumelela,Unspecified,0
municipality,4195,,Phumelela,Yes,9783.975
municipality,4196,,Mantsopa,Do not know,197.4402
municipality,4196,,Mantsopa,No,38491.96
municipality,4196,,Mantsopa,Unspecified,10.89798
municipality,4196,,Mantsopa,Yes,14825.03
municipality,4201,,Moqhaka,Do not know,233.8766
municipality,4201,,Moqhaka,No,110106.2
municipality,4201,,Moqhaka,Unspecified,0
municipality,4201,,Moqhaka,Yes,44391.6
municipality,4203,,Ngwathe,Do not know,50.26167
municipality,4203,,Ngwathe,No,88076.52
municipality,4203,,Ngwathe,Unspecified,121.4462
municipality,4203,,Ngwathe,Yes,30658.59
municipality,4204,,Metsimaholo,Do not know,65.46226
municipality,4204,,Metsimaholo,No,132074.4
municipality,4204,,Metsimaholo,Unspecified,18.63221
municipality,4204,,Metsimaholo,Yes,31405.76
municipality,4205,,Mafube,Do not know,698.0331
municipality,4205,,Mafube,No,46136.09
municipality,4205,,Mafube,Unspecified,51.9308
municipality,4205,,Mafube,Yes,10688.06
province,FS,,Free State,Do not know,4524.905
province,FS,,Free State,No,2111955
province,FS,,Free State,Unspecified,1873.576
province,FS,,Free State,Yes,716360
province,GT,,Gauteng,Do not know,61890.39
province,GT,,Gauteng,No,11013885
province,GT,,Gauteng,Unspecified,11897.02
province,GT,,Gauteng,Yes,2312052
municipality,7421,,Emfuleni,Do not know,1427.601
municipality,7421,,Emfuleni,No,622533.6
municipality,7421,,Emfuleni,Unspecified,771.6538
municipality,7421,,Emfuleni,Yes,108711.9
municipality,7422,,Midvaal,Do not know,606.8447
municipality,7422,,Midvaal,No,91659.64
municipality,7422,,Midvaal,Unspecified,5.552759
municipality,7422,,Midvaal,Yes,19339.57
municipality,7423,,Lesedi,Do not know,348.7171
municipality,7423,,Lesedi,No,81518.21
municipality,7423,,Lesedi,Unspecified,65.09884
municipality,7423,,Lesedi,Yes,30540.07
municipality,7481,,Mogale City,Do not know,1375.909
municipality,7481,,Mogale City,No,320235.1
municipality,7481,,Mogale City,Unspecified,303.1626
municipality,7481,,Mogale City,Yes,61950.2
municipality,7484,,Merafong City,Do not know,666.2107
municipality,7484,,Merafong City,No,140220.1
municipality,7484,,Merafong City,Unspecified,151.4481
municipality,7484,,Merafong City,Yes,47805.03
municipality,7485,,Rand West City,Do not know,720.0077
municipality,7485,,Rand West City,No,220407.9
municipality,7485,,Rand West City,Unspecified,137.9253
municipality,7485,,Rand West City,Yes,44620.73
municipality,798,,City of Johannesburg,Do not know,22458.86
municipality,7980,,City of Johannesburg,Do not know,22458.86
municipality,798,,City of Johannesburg,Do not know,22458.86
municipality,7980,,City of Johannesburg,Do not know,22458.86
municipality,798,,City of Johannesburg,No,3981119
municipality,7980,,City of Johannesburg,No,3981119
municipality,798,,City of Johannesburg,No,3981119
municipality,7980,,City of Johannesburg,No,3981119
municipality,798,,City of Johannesburg,Unspecified,5055.035
municipality,7980,,City of Johannesburg,Unspecified,5055.035
municipality,798,,City of Johannesburg,Unspecified,5055.035
municipality,7980,,City of Johannesburg,Unspecified,5055.035
municipality,798,,City of Johannesburg,Yes,940713.9
municipality,7980,,City of Johannesburg,Yes,940713.9
municipality,798,,City of Johannesburg,Yes,940713.9
municipality,7980,,City of Johannesburg,Yes,940713.9
province,KZN,,KwaZulu-Natal,Do not know,19745.9
province,KZN,,KwaZulu-Natal,No,7944355
province,KZN,,KwaZulu-Natal,Unspecified,3576.833
province,KZN,,KwaZulu-Natal,Yes,3097562
municipality,5212,,Umdoni,Do not know,294.4873
municipality,5212,,Umdoni,No,98676.27
municipality,5212,,Umdoni,Unspecified,0
municipality,5212,,Umdoni,Yes,45579.79
municipality,5213,,Umzumbe,Do not know,161.1831
municipality,5213,,Umzumbe,No,93117.07
municipality,5213,,Umzumbe,Unspecified,0
municipality,5213,,Umzumbe,Yes,58398.08
municipality,5214,,uMuziwabantu,Do not know,86.95815
municipality,5214,,uMuziwabantu,No,77076.28
municipality,5214,,uMuziwabantu,Unspecified,73.48546
municipality,5214,,uMuziwabantu,Yes,31339.05
municipality,5216,,Ray Nkonyeni,Do not know,276.198
municipality,5216,,Ray Nkonyeni,No,226727.5
municipality,5216,,Ray Nkonyeni,Unspecified,0
municipality,5216,,Ray Nkonyeni,Yes,121529.7
municipality,5221,,uMshwathi,Do not know,30.87703
municipality,5221,,uMshwathi,No,85768.08
municipality,5221,,uMshwathi,Unspecified,0
municipality,5221,,uMshwathi,Yes,25845.88
municipality,5222,,uMngeni,Do not know,241.4992
municipality,5222,,uMngeni,No,71505.6
municipality,5222,,uMngeni,Unspecified,8.532
municipality,5222,,uMngeni,Yes,38111.15
municipality,5223,,Mpofana,Do not know,19.66674
municipality,5223,,Mpofana,No,15321.19
municipality,5223,,Mpofana,Unspecified,0
municipality,5223,,Mpofana,Yes,22050.18
municipality,5224,,Impendle,Do not know,31.35781
municipality,5224,,Impendle,No,14981.76
municipality,5224,,Impendle,Unspecified,0
municipality,5224,,Impendle,Yes,14512.6
municipality,5225,,The Msunduzi,Do not know,1941.911
municipality,5225,,The Msunduzi,No,561921.9
municipality,5225,,The Msunduzi,Unspecified,690.975
municipality,5225,,The Msunduzi,Yes,114484.4
municipality,5226,,Mkhambathini,Do not know,17.01593
municipality,5226,,Mkhambathini,No,51591.3
municipality,5226,,Mkhambathini,Unspecified,0
municipality,5226,,Mkhambathini,Yes,5466.935
municipality,5227,,Richmond,Do not know,42.87879
municipality,5227,,Richmond,No,46377.9
municipality,5227,,Richmond,Unspecified,187.911
municipality,5227,,Richmond,Yes,24713.13
municipality,5235,,Okhahlamba,Do not know,71.51963
municipality,5235,,Okhahlamba,No,70052.37
municipality,5235,,Okhahlamba,Unspecified,0
municipality,5235,,Okhahlamba,Yes,65008.04
municipality,5237,,Inkosi Langalibalele,Do not know,488.7056
municipality,5237,,Inkosi Langalibalele,No,118469.7
municipality,5237,,Inkosi Langalibalele,Unspecified,0
municipality,5237,,Inkosi Langalibalele,Yes,96223.22
municipality,5238,,Alfred Duma,Do not know,590.0192
municipality,5238,,Alfred Duma,No,222391.2
municipality,5238,,Alfred Duma,Unspecified,9.40778
municipality,5238,,Alfred Duma,Yes,133283.8
municipality,5241,,Endumeni,Do not know,5.599809
municipality,5241,,Endumeni,No,52461.05
municipality,5241,,Endumeni,Unspecified,0
municipality,5241,,Endumeni,Yes,24172.22
municipality,5242,,Nqutu,Do not know,50.67494
municipality,5242,,Nqutu,No,102116.8
municipality,5242,,Nqutu,Unspecified,103.7199
municipality,5242,,Nqutu,Yes,69054.04
municipality,5244,,Msinga,Do not know,0
municipality,5244,,Msinga,No,112501.1
municipality,5244,,Msinga,Unspecified,0
municipality,5244,,Msinga,Yes,71993.28
municipality,5245,,Umvoti,Do not know,0
municipality,5245,,Umvoti,No,69398.87
municipality,5245,,Umvoti,Unspecified,0
municipality,5245,,Umvoti,Yes,53024.49
municipality,5252,,Newcastle,Do not know,281.3157
municipality,5252,,Newcastle,No,268360.4
municipality,5252,,Newcastle,Unspecified,14.55263
municipality,5252,,Newcastle,Yes,120460.4
municipality,5253,,Emadlangeni,Do not know,44.72333
municipality,5253,,Emadlangeni,No,23105.92
municipality,5253,,Emadlangeni,Unspecified,0
municipality,5253,,Emadlangeni,Yes,13718.31
municipality,5254,,Dannhauser,Do not know,51.25573
municipality,5254,,Dannhauser,No,70384.51
municipality,5254,,Dannhauser,Unspecified,0
municipality,5254,,Dannhauser,Yes,34905.47
municipality,5261,,eDumbe,Do not know,202.3774
municipality,5261,,eDumbe,No,59629.85
municipality,5261,,eDumbe,Unspecified,0
municipality,5261,,eDumbe,Yes,29782
municipality,5262,,uPhongolo,Do not know,266.8346
municipality,5262,,uPhongolo,No,79800.5
municipality,5262,,uPhongolo,Unspecified,32.80929
municipality,5262,,uPhongolo,Yes,61146.48
municipality,5263,,Abaqulusi,Do not know,1334.191
municipality,5263,,Abaqulusi,No,137236.5
municipality,5263,,Abaqulusi,Unspecified,77.09796
municipality,5263,,Abaqulusi,Yes,105146.8
municipality,5265,,Nongoma,Do not know,452.4103
municipality,5265,,Nongoma,No,122547.5
municipality,5265,,Nongoma,Unspecified,219.7483
municipality,5265,,Nongoma,Yes,88672.83
municipality,5266,,Ulundi,Do not know,531.9124
municipality,5266,,Ulundi,No,141083.2
municipality,5266,,Ulundi,Unspecified,29.59321
municipality,5266,,Ulundi,Yes,64117.02
municipality,5271,,Umhlabuyalingana,Do not know,467.3299
municipality,5271,,Umhlabuyalingana,No,98815.88
municipality,5271,,Umhlabuyalingana,Unspecified,106.701
municipality,5271,,Umhlabuyalingana,Yes,72687.14
municipality,5272,,Jozini,Do not know,468.2406
municipality,5272,,Jozini,No,111269.3
municipality,5272,,Jozini,Unspecified,80.74302
municipality,5272,,Jozini,Yes,86396.74
municipality,5275,,Mtubatuba,Do not know,160.4319
municipality,5275,,Mtubatuba,No,149406.2
municipality,5275,,Mtubatuba,Unspecified,124.1906
municipality,5275,,Mtubatuba,Yes,52485.64
municipality,5276,,Big Five Hlabisa,Do not know,2128.665
municipality,5276,,Big Five Hlabisa,No,61950.01
municipality,5276,,Big Five Hlabisa,Unspecified,0
municipality,5276,,Big Five Hlabisa,Yes,52543.01
municipality,5281,,Mfolozi,Do not know,0
municipality,5281,,Mfolozi,No,72532.97
municipality,5281,,Mfolozi,Unspecified,0
municipality,5281,,Mfolozi,Yes,71829.69
municipality,5282,,uMhlathuze,Do not know,525.9049
municipality,5282,,uMhlathuze,No,293717
municipality,5282,,uMhlathuze,Unspecified,0
municipality,5282,,uMhlathuze,Yes,116221.7
municipality,5284,,uMlalazi,Do not know,53.36494
municipality,5284,,uMlalazi,No,129384.7
municipality,5284,,uMlalazi,Unspecified,147.7342
municipality,5284,,uMlalazi,Yes,93554.16
municipality,5285,,Mthonjaneni,Do not know,149.8605
municipality,5285,,Mthonjaneni,No,56469.04
municipality,5285,,Mthonjaneni,Unspecified,0
municipality,5285,,Mthonjaneni,Yes,22264.58
municipality,5286,,Nkandla,Do not know,46.67583
municipality,5286,,Nkandla,No,47254.21
municipality,5286,,Nkandla,Unspecified,66.29108
municipality,5286,,Nkandla,Yes,66916.76
municipality,5291,,Mandeni,Do not know,15.06923
municipality,5291,,Mandeni,No,96863.55
municipality,5291,,Mandeni,Unspecified,72.33448
municipality,5291,,Mandeni,Yes,50856.79
municipality,5292,,KwaDukuza,Do not know,303.2314
municipality,5292,,KwaDukuza,No,210039.3
municipality,5292,,KwaDukuza,Unspecified,115.5644
municipality,5292,,KwaDukuza,Yes,66260.53
municipality,5293,,Ndwedwe,Do not know,15.55948
municipality,5293,,Ndwedwe,No,91772.25
municipality,5293,,Ndwedwe,Unspecified,0
municipality,5293,,Ndwedwe,Yes,51329.09
municipality,5294,,Maphumulo,Do not know,99.29066
municipality,5294,,Maphumulo,No,61711.38
municipality,5294,,Maphumulo,Unspecified,0
municipality,5294,,Maphumulo,Yes,28158.42
municipality,5433,,Greater Kokstad,Do not know,75.48138
municipality,5433,,Greater Kokstad,No,64378.8
municipality,5433,,Greater Kokstad,Unspecified,0
municipality,5433,,Greater Kokstad,Yes,12298.57
municipality,5434,,Ubuhlebezwe,Do not know,0
municipality,5434,,Ubuhlebezwe,No,74375.65
municipality,5434,,Ubuhlebezwe,Unspecified,0
municipality,5434,,Ubuhlebezwe,Yes,43970.76
municipality,5435,,Umzimkhulu,Do not know,62.68843
municipality,5435,,Umzimkhulu,No,141508.7
municipality,5435,,Umzimkhulu,Unspecified,0
municipality,5435,,Umzimkhulu,Yes,55714.35
municipality,5436,,Dr Nkosazana Dlamini Zuma,Do not know,141.3755
municipality,5436,,Dr Nkosazana Dlamini Zuma,No,76095.02
municipality,5436,,Dr Nkosazana Dlamini Zuma,Unspecified,0
municipality,5436,,Dr Nkosazana Dlamini Zuma,Yes,42243.65
municipality,9331,,Greater Giyani,Do not know,386.077
municipality,9331,,Greater Giyani,No,179187.4
municipality,9331,,Greater Giyani,Unspecified,117.7758
municipality,9331,,Greater Giyani,Yes,76435.54
municipality,9332,,Greater Letaba,Do not know,219.4484
municipality,9332,,Greater Letaba,No,182406.7
municipality,9332,,Greater Letaba,Unspecified,173.5088
municipality,9332,,Greater Letaba,Yes,35229.99
municipality,9333,,Greater Tzaneen,Do not know,701.1497
municipality,9333,,Greater Tzaneen,No,327856.1
municipality,9333,,Greater Tzaneen,Unspecified,468.8908
municipality,9333,,Greater Tzaneen,Yes,87120.15
municipality,9334,,Ba-Phalaborwa,Do not know,306.0355
municipality,9334,,Ba-Phalaborwa,No,125243.1
municipality,9334,,Ba-Phalaborwa,Unspecified,41.13352
municipality,9334,,Ba-Phalaborwa,Yes,43346.47
municipality,9335,,Maruleng,Do not know,182.1397
municipality,9335,,Maruleng,No,68795.25
municipality,9335,,Maruleng,Unspecified,83.0637
municipality,9335,,Maruleng,Yes,30885.55
municipality,9341,,Musina,Do not know,242.958
municipality,9341,,Musina,No,99933.87
municipality,9341,,Musina,Unspecified,0
municipality,9341,,Musina,Yes,31832.37
municipality,9343,,Thulamela,Do not know,561.834
municipality,9343,,Thulamela,No,391589.4
municipality,9343,,Thulamela,Unspecified,261.6573
municipality,9343,,Thulamela,Yes,104824.5
municipality,9344,,Makhado,Do not know,496.6321
municipality,9344,,Makhado,No,337813.3
municipality,9344,,Makhado,Unspecified,131.8489
municipality,9344,,Makhado,Yes,78286.26
municipality,9345,,Collins Chabane,Do not know,672.9735
municipality,9345,,Collins Chabane,No,276276.2
municipality,9345,,Collins Chabane,Unspecified,89.03632
municipality,9345,,Collins Chabane,Yes,70936.22
municipality,9351,,Blouberg,Do not know,246.6243
municipality,9351,,Blouberg,No,149797.4
municipality,9351,,Blouberg,Unspecified,150.9135
municipality,9351,,Blouberg,Yes,22406.45
municipality,9353,,Molemole,Do not know,83.76204
municipality,9353,,Molemole,No,108664.3
municipality,9353,,Molemole,Unspecified,38.43473
municipality,9353,,Molemole,Yes,16540.75
municipality,9354,,Polokwane,Do not know,1855.933
municipality,9354,,Polokwane,No,674836.8
municipality,9354,,Polokwane,Unspecified,383.6829
municipality,9354,,Polokwane,Yes,120050.5
municipality,9355,,Lepele-Nkumpi,Do not know,465.9198
municipality,9355,,Lepele-Nkumpi,No,210749.6
municipality,9355,,Lepele-Nkumpi,Unspecified,168.4552
municipality,9355,,Lepele-Nkumpi,Yes,23996.38
municipality,9361,,Thabazimbi,Do not know,137.7612
municipality,9361,,Thabazimbi,No,83253.42
municipality,9361,,Thabazimbi,Unspecified,78.70784
municipality,9361,,Thabazimbi,Yes,12762.08
municipality,9362,,Lephalale,Do not know,31.5757
municipality,9362,,Lephalale,No,112901.3
municipality,9362,,Lephalale,Unspecified,155.76
municipality,9362,,Lephalale,Yes,27151.09
municipality,9366,,Bela-Bela,Do not know,58.50561
municipality,9366,,Bela-Bela,No,60548.65
municipality,9366,,Bela-Bela,Unspecified,0
municipality,9366,,Bela-Bela,Yes,15688.93
municipality,9367,,Mogalakwena,Do not know,400.456
municipality,9367,,Mogalakwena,No,252683.6
municipality,9367,,Mogalakwena,Unspecified,294.4981
municipality,9367,,Mogalakwena,Yes,71912.69
municipality,9368,,Modimolle/Mookgophong,Do not know,163.4719
municipality,9368,,Modimolle/Mookgophong,No,92228.8
municipality,9368,,Modimolle/Mookgophong,Unspecified,190.6839
municipality,9368,,Modimolle/Mookgophong,Yes,15115.82
municipality,9471,,Ephraim Mogale,Do not know,189.4161
municipality,9471,,Ephraim Mogale,No,87460.88
municipality,9471,,Ephraim Mogale,Unspecified,69.77841
municipality,9471,,Ephraim Mogale,Yes,39448.39
municipality,9472,,Elias Motsoaledi,Do not know,760.0106
municipality,9472,,Elias Motsoaledi,No,207700.8
municipality,9472,,Elias Motsoaledi,Unspecified,345.1952
municipality,9472,,Elias Motsoaledi,Yes,59450.01
municipality,9473,,Makhuduthamaga,Do not know,625.9989
municipality,9473,,Makhuduthamaga,No,208837.1
municipality,9473,,Makhuduthamaga,Unspecified,175.6479
municipality,9473,,Makhuduthamaga,Yes,74796.23
municipality,9476,,Greater Tubatse/Fetakgomo,Do not know,11552.73
municipality,9476,,Greater Tubatse/Fetakgomo,No,372596.2
municipality,9476,,Greater Tubatse/Fetakgomo,Unspecified,292.9476
municipality,9476,,Greater Tubatse/Fetakgomo,Yes,105460.5
province,LIM,,Limpopo,Do not know,20341.41
province,LIM,,Limpopo,No,4611360
province,LIM,,Limpopo,Unspecified,3711.62
province,LIM,,Limpopo,Yes,1163677
municipality,494,,Mangaung,Do not know,1403.58
municipality,4940,,Mangaung,Do not know,1403.58
municipality,494,,Mangaung,Do not know,1403.58
municipality,4940,,Mangaung,Do not know,1403.58
municipality,494,,Mangaung,No,625458.8
municipality,4940,,Mangaung,No,625458.8
municipality,494,,Mangaung,No,625458.8
municipality,4940,,Mangaung,No,625458.8
municipality,494,,Mangaung,Unspecified,838.5291
municipality,4940,,Mangaung,Unspecified,838.5291
municipality,494,,Mangaung,Unspecified,838.5291
municipality,4940,,Mangaung,Unspecified,838.5291
municipality,494,,Mangaung,Yes,160102.4
municipality,4940,,Mangaung,Yes,160102.4
municipality,494,,Mangaung,Yes,160102.4
municipality,4940,,Mangaung,Yes,160102.4
municipality,8301,,Chief Albert Luthuli,Do not know,482.9647
municipality,8301,,Chief Albert Luthuli,No,116815.5
municipality,8301,,Chief Albert Luthuli,Unspecified,80.95488
municipality,8301,,Chief Albert Luthuli,Yes,70250.03
municipality,8302,,Msukaligwa,Do not know,854.1634
municipality,8302,,Msukaligwa,No,130446.2
municipality,8302,,Msukaligwa,Unspecified,178.0561
municipality,8302,,Msukaligwa,Yes,33129.4
municipality,8303,,Mkhondo,Do not know,214.4614
municipality,8303,,Mkhondo,No,121063.1
municipality,8303,,Mkhondo,Unspecified,62.29935
municipality,8303,,Mkhondo,Yes,67695.88
municipality,8304,,Dr Pixley Ka Isaka Seme,Do not know,360.1762
municipality,8304,,Dr Pixley Ka Isaka Seme,No,57740.08
municipality,8304,,Dr Pixley Ka Isaka Seme,Unspecified,0
municipality,8304,,Dr Pixley Ka Isaka Seme,Yes,27294.57
municipality,8305,,Lekwa,Do not know,89.80195
municipality,8305,,Lekwa,No,102407.4
municipality,8305,,Lekwa,Unspecified,63.6196
municipality,8305,,Lekwa,Yes,20857.72
municipality,8306,,Dipaleseng,Do not know,47.34747
municipality,8306,,Dipaleseng,No,33583.83
municipality,8306,,Dipaleseng,Unspecified,134.6889
municipality,8306,,Dipaleseng,Yes,11466.16
municipality,8307,,Govan Mbeki,Do not know,1402.539
municipality,8307,,Govan Mbeki,No,280595.7
municipality,8307,,Govan Mbeki,Unspecified,19.21192
municipality,8307,,Govan Mbeki,Yes,58073.41
municipality,8311,,Victor Khanye,Do not know,249.6678
municipality,8311,,Victor Khanye,No,52223.86
municipality,8311,,Victor Khanye,Unspecified,0
municipality,8311,,Victor Khanye,Yes,31677.08
municipality,2136,,Emalahleni,Do not know,1648.435
municipality,8312,,Emalahleni,Do not know,1648.435
municipality,2136,,Emalahleni,No,375679.4
municipality,8312,,Emalahleni,No,375679.4
municipality,2136,,Emalahleni,Unspecified,542.5747
municipality,8312,,Emalahleni,Unspecified,542.5747
municipality,2136,,Emalahleni,Yes,77357.32
municipality,8312,,Emalahleni,Yes,77357.32
municipality,8313,,Steve Tshwete,Do not know,1069.317
municipality,8313,,Steve Tshwete,No,202623.1
municipality,8313,,Steve Tshwete,Unspecified,0
municipality,8313,,Steve Tshwete,Yes,75056.97
municipality,8314,,Emakhazeni,Do not know,32.50747
municipality,8314,,Emakhazeni,No,37249.31
municipality,8314,,Emakhazeni,Unspecified,0
municipality,8314,,Emakhazeni,Yes,10867.24
municipality,8315,,Thembisile,Do not know,1279.864
municipality,8315,,Thembisile,No,216667.6
municipality,8315,,Thembisile,Unspecified,0
municipality,8315,,Thembisile,Yes,115383.9
municipality,8316,,Dr JS Moroka,Do not know,281.2453
municipality,8316,,Dr JS Moroka,No,187268.7
municipality,8316,,Dr JS Moroka,Unspecified,158.0191
municipality,8316,,Dr JS Moroka,Yes,58307.74
municipality,8321,,Thaba Chweu,Do not know,452.8039
municipality,8321,,Thaba Chweu,No,81064.45
municipality,8321,,Thaba Chweu,Unspecified,0
municipality,8321,,Thaba Chweu,Yes,20378.08
municipality,8324,,Nkomazi,Do not know,1170.115
municipality,8324,,Nkomazi,No,279315.6
municipality,8324,,Nkomazi,Unspecified,240.7974
municipality,8324,,Nkomazi,Yes,130180.3
municipality,8325,,Bushbuckridge,Do not know,10758.55
municipality,8325,,Bushbuckridge,No,415220.3
municipality,8325,,Bushbuckridge,Unspecified,209.4555
municipality,8325,,Bushbuckridge,Yes,120027.2
municipality,8326,,City of Mbombela,Do not know,2272.792
municipality,8326,,City of Mbombela,No,555558.5
municipality,8326,,City of Mbombela,Unspecified,550.1632
municipality,8326,,City of Mbombela,Yes,137531.6
province,MP,,Mpumalanga,Do not know,22666.75
province,MP,,Mpumalanga,No,3245523
province,MP,,Mpumalanga,Unspecified,2239.841
province,MP,,Mpumalanga,Yes,1065535
municipality,3061,,Richtersveld,Do not know,94.03308
municipality,3061,,Richtersveld,No,9990.924
municipality,3061,,Richtersveld,Unspecified,0
municipality,3061,,Richtersveld,Yes,2401.996
municipality,3062,,Nama Khoi,Do not know,65.23915
municipality,3062,,Nama Khoi,No,32861.29
municipality,3062,,Nama Khoi,Unspecified,76.39808
municipality,3062,,Nama Khoi,Yes,13509.24
municipality,3064,,Kamiesberg,Do not know,0
municipality,3064,,Kamiesberg,No,7503.8
municipality,3064,,Kamiesberg,Unspecified,0
municipality,3064,,Kamiesberg,Yes,2101.515
municipality,3065,,Hantam,Do not know,67.92666
municipality,3065,,Hantam,No,14715.44
municipality,3065,,Hantam,Unspecified,83.39466
municipality,3065,,Hantam,Yes,6673.625
municipality,3066,,Karoo Hoogland,Do not know,0
municipality,3066,,Karoo Hoogland,No,12272.86
municipality,3066,,Karoo Hoogland,Unspecified,0
municipality,3066,,Karoo Hoogland,Yes,736.6089
municipality,3067,,Kh창i-Ma,Do not know,93.6606
municipality,3067,,Kh창i-Ma,No,10267.64
municipality,3067,,Kh창i-Ma,Unspecified,0
municipality,3067,,Kh창i-Ma,Yes,1971.993
municipality,3071,,Ubuntu,Do not know,0
municipality,3071,,Ubuntu,No,12093.75
municipality,3071,,Ubuntu,Unspecified,0
municipality,3071,,Ubuntu,Yes,7377.664
municipality,3072,,Umsobomvu,Do not know,43.97109
municipality,3072,,Umsobomvu,No,21410.52
municipality,3072,,Umsobomvu,Unspecified,0
municipality,3072,,Umsobomvu,Yes,9428.018
municipality,3073,,Emthanjeni,Do not know,63.59754
municipality,3073,,Emthanjeni,No,31392.35
municipality,3073,,Emthanjeni,Unspecified,0
municipality,3073,,Emthanjeni,Yes,13948.52
municipality,3074,,Kareeberg,Do not know,36.33736
municipality,3074,,Kareeberg,No,9538.143
municipality,3074,,Kareeberg,Unspecified,0
municipality,3074,,Kareeberg,Yes,3197.398
municipality,3075,,Renosterberg,Do not know,0
municipality,3075,,Renosterberg,No,10188.54
municipality,3075,,Renosterberg,Unspecified,0
municipality,3075,,Renosterberg,Yes,1629.61
municipality,3076,,Thembelihle,Do not know,0
municipality,3076,,Thembelihle,No,11769.34
municipality,3076,,Thembelihle,Unspecified,0
municipality,3076,,Thembelihle,Yes,4461.129
municipality,3077,,Siyathemba,Do not know,0
municipality,3077,,Siyathemba,No,12434.57
municipality,3077,,Siyathemba,Unspecified,0
municipality,3077,,Siyathemba,Yes,10640.5
municipality,3078,,Siyancuma,Do not know,179.7615
municipality,3078,,Siyancuma,No,24373.11
municipality,3078,,Siyancuma,Unspecified,0
municipality,3078,,Siyancuma,Yes,11388.24
municipality,3082,,Kai Garib,Do not know,111.7829
municipality,3082,,Kai Garib,No,44012.61
municipality,3082,,Kai Garib,Unspecified,49.56702
municipality,3082,,Kai Garib,Yes,24754.87
municipality,3084,,Kheis,Do not know,0
municipality,3084,,Kheis,No,10287.76
municipality,3084,,Kheis,Unspecified,12.19773
municipality,3084,,Kheis,Yes,6265.933
municipality,3085,,Tsantsabane,Do not know,15.69582
municipality,3085,,Tsantsabane,No,32573.06
municipality,3085,,Tsantsabane,Unspecified,0
municipality,3085,,Tsantsabane,Yes,6756.208
municipality,3086,,Kgatelopele,Do not know,0
municipality,3086,,Kgatelopele,No,16815.01
municipality,3086,,Kgatelopele,Unspecified,0
municipality,3086,,Kgatelopele,Yes,3876.072
municipality,3087,,Dawid Kruiper,Do not know,571.5561
municipality,3087,,Dawid Kruiper,No,70497.77
municipality,3087,,Dawid Kruiper,Unspecified,0
municipality,3087,,Dawid Kruiper,Yes,36091.91
municipality,3091,,Sol Plaatjie,Do not know,221.2093
municipality,3091,,Sol Plaatjie,No,200299
municipality,3091,,Sol Plaatjie,Unspecified,249.0272
municipality,3091,,Sol Plaatjie,Yes,54271.68
municipality,3092,,Dikgatlong,Do not know,0
municipality,3092,,Dikgatlong,No,42443.6
municipality,3092,,Dikgatlong,Unspecified,278.8386
municipality,3092,,Dikgatlong,Yes,5750.954
municipality,3093,,Magareng,Do not know,0
municipality,3093,,Magareng,No,14922.75
municipality,3093,,Magareng,Unspecified,0
municipality,3093,,Magareng,Yes,9136.664
municipality,3094,,Phokwane,Do not know,337.3476
municipality,3094,,Phokwane,No,36890.58
municipality,3094,,Phokwane,Unspecified,0
municipality,3094,,Phokwane,Yes,22939.64
municipality,3451,,Joe Morolong,Do not know,173.0543
municipality,3451,,Joe Morolong,No,40857.04
municipality,3451,,Joe Morolong,Unspecified,77.56356
municipality,3451,,Joe Morolong,Yes,43093.08
municipality,3452,,Ga-Segonyana,Do not know,259.9035
municipality,3452,,Ga-Segonyana,No,58558.45
municipality,3452,,Ga-Segonyana,Unspecified,78.42614
municipality,3452,,Ga-Segonyana,Yes,45511.19
municipality,3453,,Gamagara,Do not know,44.47654
municipality,3453,,Gamagara,No,38325.24
municipality,3453,,Gamagara,Unspecified,130.0476
municipality,3453,,Gamagara,Yes,15155.97
province,NC,,Northern Cape,Do not know,2379.553
province,NC,,Northern Cape,No,827295.1
province,NC,,Northern Cape,Unspecified,1035.461
province,NC,,Northern Cape,Yes,363070.2
municipality,293,,Nelson Mandela Bay,Do not know,2491.712
municipality,2930,,Nelson Mandela Bay,Do not know,2491.712
municipality,293,,Nelson Mandela Bay,Do not know,2491.712
municipality,2930,,Nelson Mandela Bay,Do not know,2491.712
municipality,293,,Nelson Mandela Bay,No,920125.8
municipality,2930,,Nelson Mandela Bay,No,920125.8
municipality,293,,Nelson Mandela Bay,No,920125.8
municipality,2930,,Nelson Mandela Bay,No,920125.8
municipality,293,,Nelson Mandela Bay,Unspecified,64.30509
municipality,2930,,Nelson Mandela Bay,Unspecified,64.30509
municipality,293,,Nelson Mandela Bay,Unspecified,64.30509
municipality,2930,,Nelson Mandela Bay,Unspecified,64.30509
municipality,293,,Nelson Mandela Bay,Yes,340369.1
municipality,2930,,Nelson Mandela Bay,Yes,340369.1
municipality,293,,Nelson Mandela Bay,Yes,340369.1
municipality,2930,,Nelson Mandela Bay,Yes,340369.1
municipality,6371,,Moretele,Do not know,2434.548
municipality,6371,,Moretele,No,125907.5
municipality,6371,,Moretele,Unspecified,236.4249
municipality,6371,,Moretele,Yes,62727.46
municipality,6372,,Local Municipality of Madibeng,Do not know,1118.491
municipality,6372,,Local Municipality of Madibeng,No,417186.5
municipality,6372,,Local Municipality of Madibeng,Unspecified,172.698
municipality,6372,,Local Municipality of Madibeng,Yes,117632.2
municipality,6373,,Rustenburg,Do not know,1360.632
municipality,6373,,Rustenburg,No,512562.2
municipality,6373,,Rustenburg,Unspecified,37.73029
municipality,6373,,Rustenburg,Yes,112561.2
municipality,6374,,Kgetlengrivier,Do not know,115.1686
municipality,6374,,Kgetlengrivier,No,44671.64
municipality,6374,,Kgetlengrivier,Unspecified,0
municipality,6374,,Kgetlengrivier,Yes,14775.17
municipality,6375,,Moses Kotane,Do not know,394.2046
municipality,6375,,Moses Kotane,No,183230.9
municipality,6375,,Moses Kotane,Unspecified,117.7673
municipality,6375,,Moses Kotane,Yes,59905.64
municipality,6381,,Ratlou,Do not know,144.832
municipality,6381,,Ratlou,No,51558.21
municipality,6381,,Ratlou,Unspecified,119.6836
municipality,6381,,Ratlou,Yes,54285.29
municipality,6382,,Tswaing,Do not know,458.6708
municipality,6382,,Tswaing,No,76461.94
municipality,6382,,Tswaing,Unspecified,0
municipality,6382,,Tswaing,Yes,52131.39
municipality,6383,,Mafikeng,Do not know,381.3451
municipality,6383,,Mafikeng,No,210629.3
municipality,6383,,Mafikeng,Unspecified,156.9393
municipality,6383,,Mafikeng,Yes,103226.2
municipality,6384,,Ditsobotla,Do not know,111.2373
municipality,6384,,Ditsobotla,No,135236.3
municipality,6384,,Ditsobotla,Unspecified,37.95508
municipality,6384,,Ditsobotla,Yes,46479.33
municipality,6385,,Ramotshere Moiloa,Do not know,27.27081
municipality,6385,,Ramotshere Moiloa,No,124563.3
municipality,6385,,Ramotshere Moiloa,Unspecified,67.13561
municipality,6385,,Ramotshere Moiloa,Yes,33032.09
municipality,6392,,Naledi,Do not know,129.5556
municipality,6392,,Naledi,No,46705.92
municipality,6392,,Naledi,Unspecified,0
municipality,6392,,Naledi,Yes,21967.45
municipality,6393,,Mamusa,Do not know,240.7228
municipality,6393,,Mamusa,No,36290.48
municipality,6393,,Mamusa,Unspecified,84.83713
municipality,6393,,Mamusa,Yes,27383.73
municipality,6394,,Greater Taung,Do not know,376.9913
municipality,6394,,Greater Taung,No,99862.79
municipality,6394,,Greater Taung,Unspecified,0
municipality,6394,,Greater Taung,Yes,67587.49
municipality,6396,,Lekwa-Teemane,Do not know,94.86602
municipality,6396,,Lekwa-Teemane,No,38740.8
municipality,6396,,Lekwa-Teemane,Unspecified,0
municipality,6396,,Lekwa-Teemane,Yes,17189.18
municipality,6397,,Kagisano/Molopo,Do not know,23.24411
municipality,6397,,Kagisano/Molopo,No,63339.65
municipality,6397,,Kagisano/Molopo,Unspecified,22.14962
municipality,6397,,Kagisano/Molopo,Yes,39317.59
municipality,6403,,City of Matlosana,Do not know,2577.307
municipality,6403,,City of Matlosana,No,277466.1
municipality,6403,,City of Matlosana,Unspecified,75.05314
municipality,6403,,City of Matlosana,Yes,137163.6
municipality,6404,,Maquassi Hills,Do not know,211.5219
municipality,6404,,Maquassi Hills,No,47426.19
municipality,6404,,Maquassi Hills,Unspecified,68.58999
municipality,6404,,Maquassi Hills,Yes,34305.98
municipality,6405,,Ventersdorp/Tlokwe,Do not know,814.3688
municipality,6405,,Ventersdorp/Tlokwe,No,166889.3
municipality,6405,,Ventersdorp/Tlokwe,Unspecified,98.14914
municipality,6405,,Ventersdorp/Tlokwe,Yes,75725.13
province,NW,,North West,Do not know,11014.98
province,NW,,North West,No,2658729
province,NW,,North West,Unspecified,1295.113
province,NW,,North West,Yes,1077396
municipality,799,,City of Tshwane,Do not know,16958.68
municipality,7990,,City of Tshwane,Do not know,16958.68
municipality,799,,City of Tshwane,Do not know,16958.68
municipality,7990,,City of Tshwane,Do not know,16958.68
municipality,799,,City of Tshwane,No,2749905
municipality,7990,,City of Tshwane,No,2749905
municipality,799,,City of Tshwane,No,2749905
municipality,7990,,City of Tshwane,No,2749905
municipality,799,,City of Tshwane,Unspecified,2546.552
municipality,7990,,City of Tshwane,Unspecified,2546.552
municipality,799,,City of Tshwane,Unspecified,2546.552
municipality,7990,,City of Tshwane,Unspecified,2546.552
municipality,799,,City of Tshwane,Yes,505741.7
municipality,7990,,City of Tshwane,Yes,505741.7
municipality,799,,City of Tshwane,Yes,505741.7
municipality,7990,,City of Tshwane,Yes,505741.7
municipality,1011,,Matzikama,Do not know,0
municipality,1011,,Matzikama,No,61979.58
municipality,1011,,Matzikama,Unspecified,0
municipality,1011,,Matzikama,Yes,9065.823
municipality,1012,,Cederberg,Do not know,0
municipality,1012,,Cederberg,No,43227.09
municipality,1012,,Cederberg,Unspecified,0
municipality,1012,,Cederberg,Yes,9722.032
municipality,1013,,Bergrivier,Do not know,276.5649
municipality,1013,,Bergrivier,No,55213.07
municipality,1013,,Bergrivier,Unspecified,0
municipality,1013,,Bergrivier,Yes,11984.2
municipality,1014,,Saldanha Bay,Do not know,620.1921
municipality,1014,,Saldanha Bay,No,84864.88
municipality,1014,,Saldanha Bay,Unspecified,0
municipality,1014,,Saldanha Bay,Yes,25687.57
municipality,1015,,Swartland,Do not know,26.16616
municipality,1015,,Swartland,No,119097.2
municipality,1015,,Swartland,Unspecified,212.9294
municipality,1015,,Swartland,Yes,14425.67
municipality,1022,,Witzenberg,Do not know,308.2655
municipality,1022,,Witzenberg,No,107188.7
municipality,1022,,Witzenberg,Unspecified,0
municipality,1022,,Witzenberg,Yes,23050.6
municipality,1023,,Drakenstein,Do not know,577.7677
municipality,1023,,Drakenstein,No,237870.1
municipality,1023,,Drakenstein,Unspecified,682.6376
municipality,1023,,Drakenstein,Yes,41064.2
municipality,1024,,Stellenbosch,Do not know,0
municipality,1024,,Stellenbosch,No,148662.5
municipality,1024,,Stellenbosch,Unspecified,183.3813
municipality,1024,,Stellenbosch,Yes,24351.15
municipality,1025,,Breede Valley,Do not know,161.7357
municipality,1025,,Breede Valley,No,143471.4
municipality,1025,,Breede Valley,Unspecified,509.6084
municipality,1025,,Breede Valley,Yes,32435.68
municipality,1026,,Langeberg,Do not know,36.56534
municipality,1026,,Langeberg,No,89341.8
municipality,1026,,Langeberg,Unspecified,0
municipality,1026,,Langeberg,Yes,16104.7
municipality,1031,,Theewaterskloof,Do not know,751.4167
municipality,1031,,Theewaterskloof,No,100804
municipality,1031,,Theewaterskloof,Unspecified,15.32445
municipality,1031,,Theewaterskloof,Yes,15596.72
municipality,1032,,Overstrand,Do not know,111.4078
municipality,1032,,Overstrand,No,74656.55
municipality,1032,,Overstrand,Unspecified,128.8752
municipality,1032,,Overstrand,Yes,18510.66
municipality,1033,,Cape Agulhas,Do not know,236.5358
municipality,1033,,Cape Agulhas,No,29478.68
municipality,1033,,Cape Agulhas,Unspecified,0
municipality,1033,,Cape Agulhas,Yes,6284.709
municipality,1034,,Swellendam,Do not know,0
municipality,1034,,Swellendam,No,33859.17
municipality,1034,,Swellendam,Unspecified,0
municipality,1034,,Swellendam,Yes,6352.313
municipality,1041,,Kannaland,Do not know,43.96182
municipality,1041,,Kannaland,No,21971.47
municipality,1041,,Kannaland,Unspecified,243.1624
municipality,1041,,Kannaland,Yes,1909.164
municipality,1042,,Hessequa,Do not know,301.4958
municipality,1042,,Hessequa,No,50742.88
municipality,1042,,Hessequa,Unspecified,50.41005
municipality,1042,,Hessequa,Yes,3142.09
municipality,1043,,Mossel Bay,Do not know,190.5687
municipality,1043,,Mossel Bay,No,81908.04
municipality,1043,,Mossel Bay,Unspecified,56.84945
municipality,1043,,Mossel Bay,Yes,11979.92
municipality,1044,,George,Do not know,1225.209
municipality,1044,,George,No,170674.5
municipality,1044,,George,Unspecified,60.24035
municipality,1044,,George,Yes,36276.94
municipality,1045,,Oudtshoorn,Do not know,575.3442
municipality,1045,,Oudtshoorn,No,76216.91
municipality,1045,,Oudtshoorn,Unspecified,121.6013
municipality,1045,,Oudtshoorn,Yes,20594.72
municipality,1047,,Bitou,Do not know,0
municipality,1047,,Bitou,No,53147.56
municipality,1047,,Bitou,Unspecified,49.4939
municipality,1047,,Bitou,Yes,5960.13
municipality,1048,,Knysna,Do not know,124.753
municipality,1048,,Knysna,No,59060.87
municipality,1048,,Knysna,Unspecified,130.3876
municipality,1048,,Knysna,Yes,14519.06
municipality,1051,,Laingsburg,Do not know,21.53469
municipality,1051,,Laingsburg,No,5808.646
municipality,1051,,Laingsburg,Unspecified,0
municipality,1051,,Laingsburg,Yes,3065.215
municipality,1052,,Prince Albert,Do not know,0
municipality,1052,,Prince Albert,No,11636.68
municipality,1052,,Prince Albert,Unspecified,0
municipality,1052,,Prince Albert,Yes,2635.174
municipality,1053,,Beaufort West,Do not know,0
municipality,1053,,Beaufort West,No,43658.71
municipality,1053,,Beaufort West,Unspecified,94.12557
municipality,1053,,Beaufort West,Yes,7327.143
province,WC,,Western Cape,Do not know,15827.68
province,WC,,Western Cape,No,5266651
province,WC,,Western Cape,Unspecified,5392.588
province,WC,,Western Cape,Yes,991859.2
country,ZA,,South Africa,Do not know,173109.5
country,ZA,,South Africa,No,42628826
country,ZA,,South Africa,Unspecified,33900.35
country,ZA,,South Africa,Yes,12817819